instant,dateday,season,year,month,weekday,weather_situation,temp,atemp,humidity,wind_speed,casual,registered,count_cr,kategori_suhu
1,2011-01-01,Spring,2011,Jan,Saturday,Misty,14.110847,0.363625,80.58330000000001,0.160446,331,654,985,Sedang
2,2011-01-02,Spring,2011,Jan,Sunday,Misty,14.902598000000001,0.353739,69.6087,0.248539,131,670,801,Sedang
3,2011-01-03,Spring,2011,Jan,Monday,Clear,8.050924,0.189405,43.7273,0.248309,120,1229,1349,Dingin
4,2011-01-04,Spring,2011,Jan,Tuesday,Clear,8.200000000000001,0.212122,59.0435,0.160296,108,1454,1562,Dingin
5,2011-01-05,Spring,2011,Jan,Wednesday,Clear,9.305237,0.22927,43.695699999999995,0.1869,82,1518,1600,Dingin
6,2011-01-06,Spring,2011,Jan,Thursday,Clear,8.378268,0.233209,51.8261,0.0895652,88,1518,1606,Dingin
7,2011-01-07,Spring,2011,Jan,Friday,Misty,8.057402,0.208839,49.8696,0.168726,148,1362,1510,Dingin
8,2011-01-08,Spring,2011,Jan,Saturday,Misty,6.765000000000001,0.162254,53.5833,0.266804,68,891,959,Dingin
9,2011-01-09,Spring,2011,Jan,Sunday,Clear,5.671653,0.116175,43.416700000000006,0.36195,54,768,822,Dingin
10,2011-01-10,Spring,2011,Jan,Monday,Clear,6.184153,0.150888,48.2917,0.223267,41,1280,1321,Dingin
11,2011-01-11,Spring,2011,Jan,Tuesday,Misty,6.9327309999999995,0.191464,68.6364,0.122132,43,1220,1263,Dingin
12,2011-01-12,Spring,2011,Jan,Wednesday,Clear,7.0818069999999995,0.160473,59.954499999999996,0.304627,25,1137,1162,Dingin
13,2011-01-13,Spring,2011,Jan,Thursday,Clear,6.765000000000001,0.150883,47.0417,0.301,38,1368,1406,Dingin
14,2011-01-14,Spring,2011,Jan,Friday,Clear,6.59567,0.188413,53.7826,0.126548,54,1367,1421,Dingin
15,2011-01-15,Spring,2011,Jan,Saturday,Misty,9.566653,0.248112,49.875,0.157963,222,1026,1248,Dingin
16,2011-01-16,Spring,2011,Jan,Sunday,Clear,9.498347,0.234217,48.375,0.188433,251,953,1204,Dingin
17,2011-01-17,Spring,2011,Jan,Monday,Misty,7.209153,0.176771,53.75,0.194017,117,883,1000,Dingin
18,2011-01-18,Spring,2011,Jan,Tuesday,Misty,8.883347,0.232333,86.16669999999999,0.146775,9,674,683,Dingin
19,2011-01-19,Spring,2011,Jan,Wednesday,Misty,11.979134,0.298422,74.1739,0.208317,78,1572,1650,Dingin
20,2011-01-20,Spring,2011,Jan,Thursday,Misty,10.728347,0.25505,53.833299999999994,0.195904,83,1844,1927,Dingin
21,2011-01-21,Spring,2011,Jan,Friday,Clear,7.2775,0.157833,45.7083,0.353242,75,1468,1543,Dingin
22,2011-01-22,Spring,2011,Jan,Saturday,Clear,2.4243464,0.0790696,40.0,0.17197,93,888,981,Dingin
23,2011-01-23,Spring,2011,Jan,Sunday,Clear,3.9573897000000002,0.0988391,43.6522,0.2466,150,836,986,Dingin
24,2011-01-24,Spring,2011,Jan,Monday,Clear,3.9930433,0.11793,49.173899999999996,0.15833,86,1330,1416,Dingin
25,2011-01-25,Spring,2011,Jan,Tuesday,Misty,9.162598000000001,0.234526,61.695699999999995,0.129796,186,1799,1985,Dingin
26,2011-01-26,Spring,2011,Jan,Wednesday,Light Rain,8.9175,0.2036,86.25,0.29385,34,472,506,Dingin
27,2011-01-27,Spring,2011,Jan,Thursday,Clear,7.995,0.2197,68.75,0.113837,15,416,431,Dingin
28,2011-01-28,Spring,2011,Jan,Friday,Misty,8.342597999999999,0.223317,79.30430000000001,0.1233,38,1129,1167,Dingin
29,2011-01-29,Spring,2011,Jan,Saturday,Clear,8.057402,0.212126,65.17389999999999,0.145365,123,975,1098,Dingin
30,2011-01-30,Spring,2011,Jan,Sunday,Clear,8.877402,0.250322,72.2174,0.0739826,140,956,1096,Dingin
31,2011-01-31,Spring,2011,Jan,Monday,Misty,7.414153,0.18625,60.375,0.187192,42,1459,1501,Dingin
32,2011-02-01,Spring,2011,Feb,Tuesday,Misty,7.8791340000000005,0.23453,82.9565,0.053213,47,1313,1360,Dingin
33,2011-02-02,Spring,2011,Feb,Wednesday,Misty,10.66,0.254417,77.5417,0.264308,72,1454,1526,Dingin
34,2011-02-03,Spring,2011,Feb,Thursday,Clear,7.665237,0.177878,43.7826,0.277752,61,1489,1550,Dingin
35,2011-02-04,Spring,2011,Feb,Friday,Misty,8.663464,0.228587,58.521699999999996,0.127839,88,1620,1708,Dingin
36,2011-02-05,Spring,2011,Feb,Saturday,Misty,9.566653,0.243058,92.91669999999999,0.161079,100,905,1005,Dingin
37,2011-02-06,Spring,2011,Feb,Sunday,Clear,11.719153,0.291671,56.833299999999994,0.1418,354,1269,1623,Dingin
38,2011-02-07,Spring,2011,Feb,Monday,Clear,11.138347,0.303658,73.83330000000001,0.0454083,120,1592,1712,Dingin
39,2011-02-08,Spring,2011,Feb,Tuesday,Clear,9.054153,0.198246,53.7917,0.36195,64,1466,1530,Dingin
40,2011-02-09,Spring,2011,Feb,Wednesday,Misty,5.526102999999999,0.144283,49.4783,0.188839,53,1552,1605,Dingin
41,2011-02-10,Spring,2011,Feb,Thursday,Clear,5.918268,0.149548,43.7391,0.221935,47,1491,1538,Dingin
42,2011-02-11,Spring,2011,Feb,Friday,Clear,7.752731000000001,0.213509,50.6364,0.10855,149,1597,1746,Dingin
43,2011-02-12,Spring,2011,Feb,Saturday,Clear,9.1225,0.232954,54.4167,0.203367,288,1184,1472,Dingin
44,2011-02-13,Spring,2011,Feb,Sunday,Clear,12.977402000000001,0.324113,45.7391,0.260883,397,1192,1589,Dingin
45,2011-02-14,Spring,2011,Feb,Monday,Clear,17.015,0.39835,37.583299999999994,0.417908,208,1705,1913,Sedang
46,2011-02-15,Spring,2011,Feb,Tuesday,Clear,10.909567000000001,0.254274,31.434800000000003,0.291374,140,1675,1815,Dingin
47,2011-02-16,Spring,2011,Feb,Wednesday,Clear,13.048701000000001,0.3162,42.3478,0.251791,218,1897,2115,Panas
48,2011-02-17,Spring,2011,Feb,Thursday,Clear,17.869153,0.428658,50.5,0.230104,259,2216,2475,Sedang
49,2011-02-18,Spring,2011,Feb,Friday,Clear,21.388347,0.511983,51.6667,0.264925,579,2348,2927,Sedang
50,2011-02-19,Spring,2011,Feb,Saturday,Clear,16.365847,0.391404,18.7917,0.507463,532,1103,1635,Sedang
51,2011-02-20,Spring,2011,Feb,Sunday,Clear,11.693897,0.27733,40.7826,0.223235,639,1173,1812,Dingin
52,2011-02-21,Spring,2011,Feb,Monday,Misty,12.436653000000002,0.284075,60.5,0.307846,195,912,1107,Dingin
53,2011-02-22,Spring,2011,Feb,Tuesday,Clear,7.471102,0.186033,57.7778,0.195683,74,1376,1450,Dingin
54,2011-02-23,Spring,2011,Feb,Wednesday,Clear,9.091299,0.245717,42.3043,0.094113,139,1778,1917,Dingin
55,2011-02-24,Spring,2011,Feb,Thursday,Misty,12.121732000000002,0.289191,69.7391,0.250496,100,1707,1807,Dingin
56,2011-02-25,Spring,2011,Feb,Friday,Misty,14.938268,0.350461,71.2174,0.346539,120,1341,1461,Sedang
57,2011-02-26,Spring,2011,Feb,Saturday,Clear,11.5825,0.282192,53.7917,0.186571,424,1545,1969,Dingin
58,2011-02-27,Spring,2011,Feb,Sunday,Clear,14.082598,0.351109,68.0,0.125248,694,1708,2402,Sedang
59,2011-02-28,Spring,2011,Feb,Monday,Misty,16.698193,0.400118,87.63640000000001,0.289686,81,1365,1446,Sedang
60,2011-03-01,Spring,2011,Mar,Tuesday,Clear,10.933347,0.263879,53.5,0.216425,137,1714,1851,Dingin
61,2011-03-02,Spring,2011,Mar,Wednesday,Clear,13.735000000000001,0.320071,44.9583,0.307833,231,1903,2134,Panas
62,2011-03-03,Spring,2011,Mar,Thursday,Clear,8.131653,0.200133,31.833299999999998,0.225754,123,1562,1685,Dingin
63,2011-03-04,Spring,2011,Mar,Friday,Misty,10.728347,0.255679,61.0417,0.203346,214,1730,1944,Dingin
64,2011-03-05,Spring,2011,Mar,Saturday,Misty,15.750846999999998,0.378779,78.91669999999999,0.251871,640,1437,2077,Sedang
65,2011-03-06,Spring,2011,Mar,Sunday,Misty,15.437402,0.366252,94.8261,0.343287,114,491,605,Sedang
66,2011-03-07,Spring,2011,Mar,Monday,Clear,10.731299,0.238461,55.1304,0.341352,244,1628,1872,Dingin
67,2011-03-08,Spring,2011,Mar,Tuesday,Clear,11.9925,0.3024,42.0833,0.12065,316,1817,2133,Dingin
68,2011-03-09,Spring,2011,Mar,Wednesday,Misty,12.129153,0.286608,77.5417,0.22015,191,1700,1891,Dingin
69,2011-03-10,Spring,2011,Mar,Thursday,Light Rain,15.952731,0.385668,0.0,0.261877,46,577,623,Sedang
70,2011-03-11,Spring,2011,Mar,Friday,Misty,12.977402000000001,0.305,64.95649999999999,0.23297,247,1730,1977,Dingin
71,2011-03-12,Spring,2011,Mar,Saturday,Clear,13.495847,0.32575,59.458299999999994,0.220775,724,1408,2132,Panas
72,2011-03-13,Spring,2011,Mar,Sunday,Clear,15.758268000000001,0.380091,52.73910000000001,0.270604,982,1435,2417,Sedang
73,2011-03-14,Spring,2011,Mar,Monday,Clear,13.333896999999999,0.332,49.695699999999995,0.136926,359,1687,2046,Panas
74,2011-03-15,Spring,2011,Mar,Tuesday,Misty,13.013031,0.318178,65.5652,0.184309,289,1767,2056,Panas
75,2011-03-16,Spring,2011,Mar,Wednesday,Misty,14.973897000000001,0.36693,77.65220000000001,0.203117,321,1871,2192,Sedang
76,2011-03-17,Spring,2011,Mar,Thursday,Clear,17.015,0.410333,60.291700000000006,0.209579,424,2320,2744,Sedang
77,2011-03-18,Spring,2011,Mar,Friday,Clear,22.14,0.527009,52.5217,0.231017,884,2355,3239,Sedang
78,2011-03-19,Spring,2011,Mar,Saturday,Clear,19.3725,0.466525,37.9167,0.368167,1424,1693,3117,Sedang
79,2011-03-20,Spring,2011,Mar,Sunday,Clear,13.6325,0.32575,47.375,0.207721,1047,1424,2471,Panas
80,2011-03-21,Summer,2011,Mar,Monday,Misty,17.647835,0.409735,73.73910000000001,0.288783,401,1676,2077,Sedang
81,2011-03-22,Summer,2011,Mar,Tuesday,Clear,18.108347,0.440642,62.4583,0.22575,460,2243,2703,Sedang
82,2011-03-23,Summer,2011,Mar,Wednesday,Misty,14.225237,0.337939,83.9565,0.234261,203,1918,2121,Sedang
83,2011-03-24,Summer,2011,Mar,Thursday,Misty,11.684999999999999,0.270833,80.58330000000001,0.243787,166,1699,1865,Dingin
84,2011-03-25,Summer,2011,Mar,Friday,Clear,10.830846999999999,0.256312,49.5,0.230725,300,1910,2210,Dingin
85,2011-03-26,Summer,2011,Mar,Saturday,Clear,10.899153,0.257571,39.4167,0.209571,981,1515,2496,Dingin
86,2011-03-27,Summer,2011,Mar,Sunday,Misty,10.374763000000002,0.250339,49.3913,0.1843,472,1221,1693,Dingin
87,2011-03-28,Summer,2011,Mar,Monday,Clear,10.838268000000001,0.257574,30.2174,0.212204,222,1806,2028,Dingin
88,2011-03-29,Summer,2011,Mar,Tuesday,Clear,12.4025,0.292908,31.4167,0.226996,317,2108,2425,Dingin
89,2011-03-30,Summer,2011,Mar,Wednesday,Misty,12.299999999999999,0.29735,64.6667,0.172888,168,1368,1536,Dingin
90,2011-03-31,Summer,2011,Mar,Thursday,Light Rain,11.001653,0.257575,91.8333,0.217646,179,1506,1685,Dingin
91,2011-04-01,Summer,2011,Apr,Friday,Misty,12.299999999999999,0.283454,68.625,0.258708,307,1920,2227,Dingin
92,2011-04-02,Summer,2011,Apr,Saturday,Misty,12.915000000000001,0.315637,65.375,0.197146,898,1354,2252,Dingin
93,2011-04-03,Summer,2011,Apr,Sunday,Clear,15.511652999999999,0.378767,48.0,0.182213,1651,1598,3249,Sedang
94,2011-04-04,Summer,2011,Apr,Monday,Clear,23.506653,0.542929,42.625,0.385571,734,2381,3115,Sedang
95,2011-04-05,Summer,2011,Apr,Tuesday,Misty,16.980847,0.39835,64.2083,0.388067,167,1628,1795,Sedang
96,2011-04-06,Summer,2011,Apr,Wednesday,Clear,16.024153,0.387608,47.0833,0.263063,413,2395,2808,Sedang
97,2011-04-07,Summer,2011,Apr,Thursday,Clear,17.9375,0.433696,60.291700000000006,0.162312,571,2570,3141,Sedang
98,2011-04-08,Summer,2011,Apr,Friday,Misty,13.769153,0.324479,83.625,0.226992,172,1299,1471,Panas
99,2011-04-09,Summer,2011,Apr,Saturday,Misty,14.0425,0.341529,87.75,0.133083,879,1576,2455,Sedang
100,2011-04-10,Summer,2011,Apr,Sunday,Misty,17.493347,0.426737,85.75,0.146767,1188,1707,2895,Sedang
101,2011-04-11,Summer,2011,Apr,Monday,Misty,24.421732,0.565217,71.6956,0.324474,855,2493,3348,Sedang
102,2011-04-12,Summer,2011,Apr,Tuesday,Misty,20.6025,0.493054,73.9167,0.274879,257,1777,2034,Sedang
103,2011-04-13,Summer,2011,Apr,Wednesday,Misty,16.912499999999998,0.417283,81.91669999999999,0.250617,209,1953,2162,Sedang
104,2011-04-14,Summer,2011,Apr,Thursday,Clear,19.1675,0.462742,54.041700000000006,0.1107,529,2738,3267,Sedang
105,2011-04-15,Summer,2011,Apr,Friday,Clear,18.313347,0.441913,67.125,0.226375,642,2484,3126,Sedang
106,2011-04-16,Summer,2011,Apr,Saturday,Light Rain,17.664153000000002,0.425492,88.83330000000001,0.340808,121,674,795,Sedang
107,2011-04-17,Summer,2011,Apr,Sunday,Clear,18.723347,0.445696,47.9583,0.303496,1558,2186,3744,Sedang
108,2011-04-18,Summer,2011,Apr,Monday,Clear,21.0125,0.503146,54.25,0.163567,669,2760,3429,Sedang
109,2011-04-19,Summer,2011,Apr,Tuesday,Misty,20.739152999999998,0.489258,66.5833,0.157971,409,2795,3204,Sedang
110,2011-04-20,Summer,2011,Apr,Wednesday,Clear,24.395,0.564392,61.4167,0.241925,613,3331,3944,Sedang
111,2011-04-21,Summer,2011,Apr,Thursday,Clear,18.825847,0.453892,40.708299999999994,0.325258,745,3444,4189,Sedang
112,2011-04-22,Summer,2011,Apr,Friday,Misty,13.803347,0.321954,72.9583,0.219521,177,1506,1683,Panas
113,2011-04-23,Summer,2011,Apr,Saturday,Misty,18.86,0.450121,88.79169999999999,0.230725,1462,2574,4036,Sedang
114,2011-04-24,Summer,2011,Apr,Sunday,Misty,23.848347,0.551763,81.08330000000001,0.192175,1710,2481,4191,Sedang
115,2011-04-25,Summer,2011,Apr,Monday,Clear,24.873347,0.5745,77.6667,0.185333,773,3300,4073,Sedang
116,2011-04-26,Summer,2011,Apr,Tuesday,Clear,25.898346999999998,0.594083,72.9167,0.3265,678,3722,4400,Sedang
117,2011-04-27,Summer,2011,Apr,Wednesday,Misty,25.419999999999998,0.575142,83.54169999999999,0.3122,547,3325,3872,Sedang
118,2011-04-28,Summer,2011,Apr,Thursday,Misty,25.317500000000003,0.578929,70.08330000000001,0.320908,569,3489,4058,Sedang
119,2011-04-29,Summer,2011,Apr,Friday,Clear,20.91,0.497463,45.7083,0.240063,878,3717,4595,Sedang
120,2011-04-30,Summer,2011,Apr,Saturday,Clear,19.3725,0.464021,50.3333,0.235075,1965,3347,5312,Sedang
121,2011-05-01,Summer,2011,May,Sunday,Misty,18.518347,0.448204,76.2083,0.106354,1138,2213,3351,Sedang
122,2011-05-02,Summer,2011,May,Monday,Misty,22.515846999999997,0.532833,73.0,0.183454,847,3554,4401,Sedang
123,2011-05-03,Summer,2011,May,Tuesday,Misty,25.283347,0.582079,69.7083,0.342667,603,3848,4451,Sedang
124,2011-05-04,Summer,2011,May,Wednesday,Misty,16.980847,0.40465,73.70830000000001,0.328996,255,2378,2633,Sedang
125,2011-05-05,Summer,2011,May,Thursday,Clear,18.825847,0.441917,44.4167,0.295392,614,3819,4433,Sedang
126,2011-05-06,Summer,2011,May,Friday,Clear,19.645847,0.474117,59.0,0.228246,894,3714,4608,Sedang
127,2011-05-07,Summer,2011,May,Saturday,Clear,21.32,0.512621,54.125,0.16045,1612,3102,4714,Sedang
128,2011-05-08,Summer,2011,May,Sunday,Clear,21.661653,0.518933,63.1667,0.0746375,1401,2932,4333,Sedang
129,2011-05-09,Summer,2011,May,Monday,Clear,21.8325,0.525246,58.875,0.176,664,3698,4362,Sedang
130,2011-05-10,Summer,2011,May,Tuesday,Clear,21.8325,0.522721,48.9167,0.115671,694,4109,4803,Sedang
131,2011-05-11,Summer,2011,May,Wednesday,Clear,22.2425,0.5284,63.29169999999999,0.120642,550,3632,4182,Sedang
132,2011-05-12,Summer,2011,May,Thursday,Clear,21.935000000000002,0.523363,74.75,0.189667,695,4169,4864,Sedang
133,2011-05-13,Summer,2011,May,Friday,Misty,21.0125,0.4943,86.33330000000001,0.179725,692,3413,4105,Sedang
134,2011-05-14,Summer,2011,May,Saturday,Misty,21.354153,0.500629,92.25,0.13495,902,2507,3409,Sedang
135,2011-05-15,Summer,2011,May,Sunday,Misty,23.0625,0.536,86.70830000000001,0.152979,1582,2971,4553,Sedang
136,2011-05-16,Summer,2011,May,Monday,Clear,23.677500000000002,0.550512,78.79169999999999,0.126871,773,3185,3958,Sedang
137,2011-05-17,Summer,2011,May,Tuesday,Misty,23.028347,0.538529,83.7917,0.277354,678,3445,4123,Sedang
138,2011-05-18,Summer,2011,May,Wednesday,Misty,22.55,0.527158,87.0,0.201492,536,3319,3855,Sedang
139,2011-05-19,Summer,2011,May,Thursday,Misty,21.764153,0.510742,82.9583,0.108213,735,3840,4575,Sedang
140,2011-05-20,Summer,2011,May,Friday,Clear,22.003347,0.529042,71.9583,0.125013,909,4008,4917,Sedang
141,2011-05-21,Summer,2011,May,Saturday,Clear,24.7025,0.571975,62.6667,0.12065,2258,3547,5805,Sedang
142,2011-05-22,Summer,2011,May,Sunday,Clear,24.770847,0.5745,74.9583,0.148008,1576,3084,4660,Sedang
143,2011-05-23,Summer,2011,May,Monday,Misty,25.898346999999998,0.590296,81.0,0.233842,836,3438,4274,Sedang
144,2011-05-24,Summer,2011,May,Tuesday,Misty,27.060000000000002,0.604813,74.0833,0.207092,659,3833,4492,Panas
145,2011-05-25,Summer,2011,May,Wednesday,Clear,27.094153,0.615542,69.625,0.154233,740,4238,4978,Panas
146,2011-05-26,Summer,2011,May,Thursday,Clear,29.041653,0.654688,67.75,0.199642,758,3919,4677,Panas
147,2011-05-27,Summer,2011,May,Friday,Clear,27.948347000000002,0.637008,65.375,0.240679,871,3808,4679,Panas
148,2011-05-28,Summer,2011,May,Saturday,Clear,26.889153,0.612379,72.9583,0.230092,2001,2757,4758,Sedang
149,2011-05-29,Summer,2011,May,Sunday,Clear,27.3675,0.61555,81.875,0.213938,2355,2433,4788,Panas
150,2011-05-30,Summer,2011,May,Monday,Clear,30.066653000000002,0.671092,68.5,0.131225,1549,2549,4098,Panas
151,2011-05-31,Summer,2011,May,Tuesday,Clear,31.775000000000002,0.725383,63.6667,0.111329,673,3309,3982,Panas
152,2011-06-01,Summer,2011,Jun,Wednesday,Misty,31.330847000000002,0.720967,67.7083,0.207092,513,3461,3974,Panas
153,2011-06-02,Summer,2011,Jun,Thursday,Clear,29.314999999999998,0.643942,30.5,0.292287,736,4232,4968,Panas
154,2011-06-03,Summer,2011,Jun,Friday,Clear,25.419999999999998,0.587133,35.4167,0.253121,898,4414,5312,Sedang
155,2011-06-04,Summer,2011,Jun,Saturday,Clear,26.035,0.594696,45.625,0.123142,1869,3473,5342,Sedang
156,2011-06-05,Summer,2011,Jun,Sunday,Misty,26.581653000000003,0.616804,65.25,0.138692,1685,3221,4906,Sedang
157,2011-06-06,Summer,2011,Jun,Monday,Clear,27.811653,0.621858,60.0,0.121896,673,3875,4548,Panas
158,2011-06-07,Summer,2011,Jun,Tuesday,Clear,29.0075,0.65595,59.791700000000006,0.187808,763,4070,4833,Panas
159,2011-06-08,Summer,2011,Jun,Wednesday,Clear,31.809153,0.727279,62.20830000000001,0.136817,676,3725,4401,Panas
160,2011-06-09,Summer,2011,Jun,Thursday,Misty,33.141653,0.757579,56.833299999999994,0.149883,563,3352,3915,Panas
161,2011-06-10,Summer,2011,Jun,Friday,Clear,30.955000000000002,0.703292,60.5,0.140554,815,3771,4586,Panas
162,2011-06-11,Summer,2011,Jun,Saturday,Clear,29.724999999999998,0.678038,65.45830000000001,0.15485,1729,3237,4966,Panas
163,2011-06-12,Summer,2011,Jun,Sunday,Clear,28.392500000000002,0.643325,74.7917,0.163567,1467,2993,4460,Panas
164,2011-06-13,Summer,2011,Jun,Monday,Clear,26.035,0.601654,49.4583,0.30535,863,4157,5020,Sedang
165,2011-06-14,Summer,2011,Jun,Tuesday,Clear,24.770847,0.591546,50.708299999999994,0.269283,727,4164,4891,Sedang
166,2011-06-15,Summer,2011,Jun,Wednesday,Clear,25.693347,0.587754,47.1667,0.167912,769,4411,5180,Sedang
167,2011-06-16,Summer,2011,Jun,Thursday,Misty,25.761653000000003,0.595346,68.8333,0.206471,545,3222,3767,Sedang
168,2011-06-17,Summer,2011,Jun,Friday,Clear,26.615847000000002,0.600383,73.5833,0.143029,863,3981,4844,Sedang
169,2011-06-18,Summer,2011,Jun,Saturday,Clear,28.563347,0.643954,67.0417,0.119408,1807,3312,5119,Panas
170,2011-06-19,Summer,2011,Jun,Sunday,Misty,28.665847,0.645846,66.6667,0.102,1639,3105,4744,Panas
171,2011-06-20,Summer,2011,Jun,Monday,Misty,26.035,0.595346,74.625,0.155475,699,3311,4010,Sedang
172,2011-06-21,Fall,2011,Jun,Tuesday,Misty,27.914153000000002,0.637646,77.0417,0.171025,774,4061,4835,Panas
173,2011-06-22,Fall,2011,Jun,Wednesday,Clear,30.066653000000002,0.693829,70.75,0.172262,661,3846,4507,Panas
174,2011-06-23,Fall,2011,Jun,Thursday,Misty,29.861653,0.693833,70.3333,0.238804,746,4044,4790,Panas
175,2011-06-24,Fall,2011,Jun,Friday,Clear,29.690847,0.656583,57.3333,0.222025,969,4022,4991,Panas
176,2011-06-25,Fall,2011,Jun,Saturday,Clear,28.494999999999997,0.643313,48.3333,0.209571,1782,3420,5202,Panas
177,2011-06-26,Fall,2011,Jun,Sunday,Clear,27.880000000000003,0.637629,51.3333,0.0945333,1920,3385,5305,Panas
178,2011-06-27,Fall,2011,Jun,Monday,Misty,27.982499999999998,0.637004,65.8333,0.107588,854,3854,4708,Panas
179,2011-06-28,Fall,2011,Jun,Tuesday,Clear,30.510847000000002,0.692558,63.416700000000006,0.144283,732,3916,4648,Panas
180,2011-06-29,Fall,2011,Jun,Wednesday,Clear,29.861653,0.654688,49.7917,0.261821,848,4377,5225,Panas
181,2011-06-30,Fall,2011,Jun,Thursday,Clear,28.563347,0.637008,43.416700000000006,0.185312,1027,4488,5515,Panas
182,2011-07-01,Fall,2011,Jul,Friday,Clear,29.622500000000002,0.652162,39.625,0.102608,1246,4116,5362,Panas
183,2011-07-02,Fall,2011,Jul,Saturday,Clear,30.271653,0.667308,44.4583,0.115062,2204,2915,5119,Panas
184,2011-07-03,Fall,2011,Jul,Sunday,Misty,29.383347,0.668575,68.25,0.228858,2282,2367,4649,Panas
185,2011-07-04,Fall,2011,Jul,Monday,Misty,29.793346999999997,0.665417,63.7917,0.0814792,3065,2978,6043,Panas
186,2011-07-05,Fall,2011,Jul,Tuesday,Clear,30.613346999999997,0.696338,59.0417,0.126258,1031,3634,4665,Panas
187,2011-07-06,Fall,2011,Jul,Wednesday,Clear,29.52,0.685633,74.33330000000001,0.149883,784,3845,4629,Panas
188,2011-07-07,Fall,2011,Jul,Thursday,Clear,30.75,0.686871,65.125,0.1592,754,3838,4592,Panas
189,2011-07-08,Fall,2011,Jul,Friday,Misty,29.075847,0.670483,75.79169999999999,0.225129,692,3348,4040,Panas
190,2011-07-09,Fall,2011,Jul,Saturday,Clear,30.066653000000002,0.664158,60.9167,0.167912,1988,3348,5336,Panas
191,2011-07-10,Fall,2011,Jul,Sunday,Clear,30.6475,0.690025,57.8333,0.183471,1743,3138,4881,Panas
192,2011-07-11,Fall,2011,Jul,Monday,Clear,31.2625,0.729804,63.5833,0.282337,723,3363,4086,Panas
193,2011-07-12,Fall,2011,Jul,Tuesday,Clear,32.560846999999995,0.739275,55.9167,0.200254,662,3596,4258,Panas
194,2011-07-13,Fall,2011,Jul,Wednesday,Clear,30.613346999999997,0.689404,63.1667,0.146133,748,3594,4342,Panas
195,2011-07-14,Fall,2011,Jul,Thursday,Clear,27.914153000000002,0.635104,47.625,0.240667,888,4196,5084,Panas
196,2011-07-15,Fall,2011,Jul,Friday,Clear,27.196652999999998,0.624371,59.12500000000001,0.182833,1318,4220,5538,Panas
197,2011-07-16,Fall,2011,Jul,Saturday,Clear,28.153347,0.638263,58.5,0.208342,2418,3505,5923,Panas
198,2011-07-17,Fall,2011,Jul,Sunday,Clear,29.485847,0.669833,60.4167,0.245033,2006,3296,5302,Panas
199,2011-07-18,Fall,2011,Jul,Monday,Clear,30.613346999999997,0.703925,65.125,0.215804,841,3617,4458,Panas
200,2011-07-19,Fall,2011,Jul,Tuesday,Clear,31.843347,0.747479,65.0417,0.1306,752,3789,4541,Panas
201,2011-07-20,Fall,2011,Jul,Wednesday,Clear,31.501653,0.74685,70.70830000000001,0.113817,644,3688,4332,Panas
202,2011-07-21,Fall,2011,Jul,Thursday,Misty,33.415,0.826371,69.125,0.222021,632,3152,3784,Panas
203,2011-07-22,Fall,2011,Jul,Friday,Clear,34.781653,0.840896,58.0417,0.1331,562,2825,3387,Panas
204,2011-07-23,Fall,2011,Jul,Saturday,Clear,34.815847,0.804287,50.0,0.131221,987,2298,3285,Panas
205,2011-07-24,Fall,2011,Jul,Sunday,Clear,34.03,0.794829,55.0833,0.169171,1050,2556,3606,Panas
206,2011-07-25,Fall,2011,Jul,Monday,Clear,30.476653000000002,0.720958,75.7083,0.0908083,568,3272,3840,Panas
207,2011-07-26,Fall,2011,Jul,Tuesday,Clear,31.638347,0.696979,54.0833,0.200258,750,3840,4590,Panas
208,2011-07-27,Fall,2011,Jul,Wednesday,Clear,31.775000000000002,0.690667,40.291700000000006,0.183463,755,3901,4656,Panas
209,2011-07-28,Fall,2011,Jul,Thursday,Clear,31.945847,0.7399,58.3333,0.178479,606,3784,4390,Panas
210,2011-07-29,Fall,2011,Jul,Friday,Clear,34.371653,0.785967,54.25,0.174138,670,3176,3846,Panas
211,2011-07-30,Fall,2011,Jul,Saturday,Clear,32.970847,0.728537,46.5833,0.168537,1559,2916,4475,Panas
212,2011-07-31,Fall,2011,Jul,Sunday,Clear,33.039153,0.729796,48.0833,0.164813,1524,2778,4302,Panas
213,2011-08-01,Fall,2011,Aug,Monday,Clear,31.638347,0.703292,55.0833,0.156717,729,3537,4266,Panas
214,2011-08-02,Fall,2011,Aug,Tuesday,Clear,32.116653,0.707071,49.125,0.20585,801,4044,4845,Panas
215,2011-08-03,Fall,2011,Aug,Wednesday,Misty,29.998347,0.679937,65.75,0.135583,467,3107,3574,Panas
216,2011-08-04,Fall,2011,Aug,Thursday,Misty,29.11,0.664788,75.75,0.19715,799,3777,4576,Panas
217,2011-08-05,Fall,2011,Aug,Friday,Clear,29.144153000000003,0.656567,63.083299999999994,0.184696,1023,3843,4866,Panas
218,2011-08-06,Fall,2011,Aug,Saturday,Misty,29.383347,0.676154,75.5,0.22825,1521,2773,4294,Panas
219,2011-08-07,Fall,2011,Aug,Sunday,Clear,30.442500000000003,0.715292,75.29169999999999,0.201487,1298,2487,3785,Panas
220,2011-08-08,Fall,2011,Aug,Monday,Clear,31.365000000000002,0.703283,59.2083,0.192175,846,3480,4326,Panas
221,2011-08-09,Fall,2011,Aug,Tuesday,Clear,31.775000000000002,0.724121,57.04169999999999,0.151121,907,3695,4602,Panas
222,2011-08-10,Fall,2011,Aug,Wednesday,Clear,31.433346999999998,0.684983,42.4167,0.200258,884,3896,4780,Panas
223,2011-08-11,Fall,2011,Aug,Thursday,Clear,29.4175,0.651521,42.375,0.164796,812,3980,4792,Panas
224,2011-08-12,Fall,2011,Aug,Friday,Clear,29.041653,0.654042,41.5,0.125621,1051,3854,4905,Panas
225,2011-08-13,Fall,2011,Aug,Saturday,Misty,28.119153,0.645858,72.9583,0.211454,1504,2646,4150,Panas
226,2011-08-14,Fall,2011,Aug,Sunday,Misty,27.743347,0.624388,81.75,0.222633,1338,2482,3820,Panas
227,2011-08-15,Fall,2011,Aug,Monday,Clear,27.299153,0.616167,71.20830000000001,0.208954,775,3563,4338,Panas
228,2011-08-16,Fall,2011,Aug,Tuesday,Clear,28.734153000000003,0.645837,57.8333,0.236329,721,4004,4725,Panas
229,2011-08-17,Fall,2011,Aug,Wednesday,Clear,29.656653,0.666671,57.5417,0.143667,668,4026,4694,Panas
230,2011-08-18,Fall,2011,Aug,Thursday,Clear,29.178347000000002,0.662258,65.45830000000001,0.233208,639,3166,3805,Panas
231,2011-08-19,Fall,2011,Aug,Friday,Misty,28.085,0.633221,72.2917,0.139308,797,3356,4153,Panas
232,2011-08-20,Fall,2011,Aug,Saturday,Clear,28.5975,0.648996,67.41669999999999,0.104467,1914,3277,5191,Panas
233,2011-08-21,Fall,2011,Aug,Sunday,Clear,29.144153000000003,0.675525,77.0,0.248754,1249,2624,3873,Panas
234,2011-08-22,Fall,2011,Aug,Monday,Clear,28.358347000000002,0.638254,47.0,0.27675,833,3925,4758,Panas
235,2011-08-23,Fall,2011,Aug,Tuesday,Clear,26.274153,0.606067,45.5417,0.146763,1281,4614,5895,Sedang
236,2011-08-24,Fall,2011,Aug,Wednesday,Clear,27.606652999999998,0.630692,60.5,0.253108,949,4181,5130,Panas
237,2011-08-25,Fall,2011,Aug,Thursday,Misty,28.050846999999997,0.645854,77.1667,0.210833,435,3107,3542,Panas
238,2011-08-26,Fall,2011,Aug,Friday,Clear,28.7,0.659733,76.125,0.0839625,768,3893,4661,Panas
239,2011-08-27,Fall,2011,Aug,Saturday,Misty,27.880000000000003,0.635556,85.0,0.375617,226,889,1115,Panas
240,2011-08-28,Fall,2011,Aug,Sunday,Clear,28.989418999999998,0.647959,56.1765,0.304659,1415,2919,4334,Panas
241,2011-08-29,Fall,2011,Aug,Monday,Clear,26.103347,0.607958,55.45830000000001,0.159825,729,3905,4634,Sedang
242,2011-08-30,Fall,2011,Aug,Tuesday,Clear,26.205847000000002,0.594704,54.833299999999994,0.125008,775,4429,5204,Sedang
243,2011-08-31,Fall,2011,Aug,Wednesday,Clear,26.923347,0.611121,59.791700000000006,0.0833333,688,4370,5058,Sedang
244,2011-09-01,Fall,2011,Sep,Thursday,Clear,26.855,0.614921,63.916700000000006,0.141796,783,4332,5115,Sedang
245,2011-09-02,Fall,2011,Sep,Friday,Misty,26.376653,0.604808,72.70830000000001,0.139929,875,3852,4727,Sedang
246,2011-09-03,Fall,2011,Sep,Saturday,Clear,27.435847,0.633213,71.6667,0.185325,1935,2549,4484,Panas
247,2011-09-04,Fall,2011,Sep,Sunday,Clear,29.075847,0.665429,74.20830000000001,0.206467,2521,2419,4940,Panas
248,2011-09-05,Fall,2011,Sep,Monday,Misty,27.606652999999998,0.625646,79.0417,0.212696,1236,2115,3351,Panas
249,2011-09-06,Fall,2011,Sep,Tuesday,Light Rain,22.14,0.5152,88.6957,0.343943,204,2506,2710,Sedang
250,2011-09-07,Fall,2011,Sep,Wednesday,Light Rain,24.565847,0.544229,91.7083,0.0970208,118,1878,1996,Sedang
251,2011-09-08,Fall,2011,Sep,Thursday,Light Rain,25.990433,0.555361,93.9565,0.192748,153,1689,1842,Sedang
252,2011-09-09,Fall,2011,Sep,Friday,Misty,26.650000000000002,0.578946,89.79169999999999,0.124379,417,3127,3544,Sedang
253,2011-09-10,Fall,2011,Sep,Saturday,Clear,27.060000000000002,0.607962,75.375,0.153608,1750,3595,5345,Panas
254,2011-09-11,Fall,2011,Sep,Sunday,Clear,26.786653,0.609229,71.375,0.115054,1633,3413,5046,Sedang
255,2011-09-12,Fall,2011,Sep,Monday,Clear,26.418268,0.60213,69.2174,0.088913,690,4023,4713,Sedang
256,2011-09-13,Fall,2011,Sep,Tuesday,Clear,26.684153,0.603554,71.25,0.141804,701,4062,4763,Sedang
257,2011-09-14,Fall,2011,Sep,Wednesday,Clear,27.606652999999998,0.6269,69.7083,0.1673,647,4138,4785,Panas
258,2011-09-15,Fall,2011,Sep,Thursday,Misty,23.677500000000002,0.553671,70.9167,0.271146,428,3231,3659,Sedang
259,2011-09-16,Fall,2011,Sep,Friday,Misty,19.235847,0.461475,59.0417,0.164183,742,4018,4760,Sedang
260,2011-09-17,Fall,2011,Sep,Saturday,Misty,20.158347,0.478512,71.8333,0.189675,1434,3077,4511,Sedang
261,2011-09-18,Fall,2011,Sep,Sunday,Clear,20.807499999999997,0.490537,69.5,0.178483,1353,2921,4274,Sedang
262,2011-09-19,Fall,2011,Sep,Monday,Misty,22.515846999999997,0.529675,69.0,0.151742,691,3848,4539,Sedang
263,2011-09-20,Fall,2011,Sep,Tuesday,Misty,23.028347,0.532217,88.125,0.134954,438,3203,3641,Sedang
264,2011-09-21,Fall,2011,Sep,Wednesday,Misty,24.395,0.550533,90.0,0.0964042,539,3813,4352,Sedang
265,2011-09-22,Fall,2011,Sep,Thursday,Misty,25.761653000000003,0.554963,90.2083,0.128125,555,4240,4795,Sedang
266,2011-09-23,Winter,2011,Sep,Friday,Misty,24.975847,0.522125,97.25,0.0783667,258,2137,2395,Sedang
267,2011-09-24,Winter,2011,Sep,Saturday,Misty,24.873347,0.564412,86.25,0.0783833,1776,3647,5423,Sedang
268,2011-09-25,Winter,2011,Sep,Sunday,Misty,26.000847,0.572637,84.5,0.0503792,1544,3466,5010,Sedang
269,2011-09-26,Winter,2011,Sep,Monday,Misty,26.615847000000002,0.589042,84.8333,0.1107,684,3946,4630,Sedang
270,2011-09-27,Winter,2011,Sep,Tuesday,Misty,26.103347,0.574525,88.5417,0.118171,477,3643,4120,Sedang
271,2011-09-28,Winter,2011,Sep,Wednesday,Misty,26.035,0.575158,84.875,0.148629,480,3427,3907,Sedang
272,2011-09-29,Winter,2011,Sep,Thursday,Clear,25.283347,0.574512,69.91669999999999,0.172883,653,4186,4839,Sedang
273,2011-09-30,Winter,2011,Sep,Friday,Clear,23.130847,0.544829,64.75,0.206475,830,4372,5202,Sedang
274,2011-10-01,Winter,2011,Oct,Saturday,Misty,16.81,0.412863,75.375,0.292296,480,1949,2429,Sedang
275,2011-10-02,Winter,2011,Oct,Sunday,Misty,14.623347,0.345317,79.1667,0.222013,616,2302,2918,Sedang
276,2011-10-03,Winter,2011,Oct,Monday,Misty,15.750846999999998,0.392046,76.0833,0.0833458,330,3240,3570,Sedang
277,2011-10-04,Winter,2011,Oct,Tuesday,Clear,19.850847,0.472858,71.0,0.205854,486,3970,4456,Sedang
278,2011-10-05,Winter,2011,Oct,Wednesday,Clear,22.071652999999998,0.527138,64.79169999999999,0.17725,559,4267,4826,Sedang
279,2011-10-06,Winter,2011,Oct,Thursday,Clear,20.260847000000002,0.480425,62.083299999999994,0.134954,639,4126,4765,Sedang
280,2011-10-07,Winter,2011,Oct,Friday,Clear,20.944153,0.504404,68.41669999999999,0.0223917,949,4036,4985,Sedang
281,2011-10-08,Winter,2011,Oct,Saturday,Clear,21.388347,0.513242,70.125,0.0454042,2235,3174,5409,Sedang
282,2011-10-09,Winter,2011,Oct,Sunday,Clear,22.174153,0.523983,72.75,0.06345,2397,3114,5511,Sedang
283,2011-10-10,Winter,2011,Oct,Monday,Clear,23.404153,0.542925,73.375,0.0423042,1514,3603,5117,Sedang
284,2011-10-11,Winter,2011,Oct,Tuesday,Misty,23.233347000000002,0.546096,80.875,0.143042,667,3896,4563,Sedang
285,2011-10-12,Winter,2011,Oct,Wednesday,Light Rain,22.276653,0.517717,90.625,0.24815,217,2199,2416,Sedang
286,2011-10-13,Winter,2011,Oct,Thursday,Misty,24.155847,0.551804,89.6667,0.141787,290,2623,2913,Sedang
287,2011-10-14,Winter,2011,Oct,Friday,Misty,22.584153,0.529675,71.625,0.223883,529,3115,3644,Sedang
288,2011-10-15,Winter,2011,Oct,Saturday,Clear,20.773346999999998,0.498725,48.3333,0.258083,1899,3318,5217,Sedang
289,2011-10-16,Winter,2011,Oct,Sunday,Clear,20.978347,0.503154,48.6667,0.281717,1748,3293,5041,Sedang
290,2011-10-17,Winter,2011,Oct,Monday,Clear,21.900847,0.510725,57.958299999999994,0.175379,713,3857,4570,Sedang
291,2011-10-18,Winter,2011,Oct,Tuesday,Misty,21.8325,0.522721,70.1667,0.110087,637,4111,4748,Sedang
292,2011-10-19,Winter,2011,Oct,Wednesday,Light Rain,22.211299,0.513848,89.52170000000001,0.243339,254,2170,2424,Sedang
293,2011-10-20,Winter,2011,Oct,Thursday,Clear,19.509153,0.466525,63.625,0.422275,471,3724,4195,Sedang
294,2011-10-21,Winter,2011,Oct,Friday,Clear,17.5275,0.423596,57.4167,0.221396,676,3628,4304,Sedang
295,2011-10-22,Winter,2011,Oct,Saturday,Clear,17.322499999999998,0.425492,62.916700000000006,0.0926667,1499,2809,4308,Sedang
296,2011-10-23,Winter,2011,Oct,Sunday,Clear,17.288347,0.422333,74.125,0.0995125,1619,2762,4381,Sedang
297,2011-10-24,Winter,2011,Oct,Monday,Clear,18.996653,0.457067,77.2083,0.118792,699,3488,4187,Sedang
298,2011-10-25,Winter,2011,Oct,Tuesday,Clear,19.338347,0.463375,62.291700000000006,0.166658,695,3992,4687,Sedang
299,2011-10-26,Winter,2011,Oct,Wednesday,Misty,19.850847,0.472846,72.04169999999999,0.148642,404,3490,3894,Sedang
300,2011-10-27,Winter,2011,Oct,Thursday,Misty,19.27,0.457046,81.2917,0.197763,240,2419,2659,Sedang
301,2011-10-28,Winter,2011,Oct,Friday,Misty,13.564153,0.318812,58.58330000000001,0.229479,456,3291,3747,Panas
302,2011-10-29,Winter,2011,Oct,Saturday,Light Rain,10.420846999999998,0.227913,88.25,0.351371,57,570,627,Dingin
303,2011-10-30,Winter,2011,Oct,Sunday,Clear,13.085847,0.321329,62.375,0.176617,885,2446,3331,Panas
304,2011-10-31,Winter,2011,Oct,Monday,Clear,13.940000000000001,0.356063,70.3333,0.10635,362,3307,3669,Panas
305,2011-11-01,Winter,2011,Nov,Tuesday,Clear,16.434153,0.397088,68.375,0.135571,410,3658,4068,Sedang
306,2011-11-02,Winter,2011,Nov,Wednesday,Clear,15.477500000000001,0.390133,71.875,0.0820917,370,3816,4186,Sedang
307,2011-11-03,Winter,2011,Nov,Thursday,Clear,16.741653,0.405921,70.20830000000001,0.136817,318,3656,3974,Sedang
308,2011-11-04,Winter,2011,Nov,Friday,Misty,16.536653,0.403392,62.25000000000001,0.271779,470,3576,4046,Sedang
309,2011-11-05,Winter,2011,Nov,Saturday,Clear,13.393346999999999,0.323854,51.916700000000006,0.189062,1156,2770,3926,Panas
310,2011-11-06,Winter,2011,Nov,Sunday,Clear,14.281653,0.362358,73.4583,0.0920542,952,2697,3649,Sedang
311,2011-11-07,Winter,2011,Nov,Monday,Clear,16.195,0.400871,75.875,0.057225,373,3662,4035,Sedang
312,2011-11-08,Winter,2011,Nov,Tuesday,Clear,16.741653,0.412246,72.16669999999999,0.0690375,376,3829,4205,Sedang
313,2011-11-09,Winter,2011,Nov,Wednesday,Clear,16.400000000000002,0.409079,75.83330000000001,0.0621958,305,3804,4109,Sedang
314,2011-11-10,Winter,2011,Nov,Thursday,Misty,15.58,0.373721,81.3333,0.189067,190,2743,2933,Sedang
315,2011-11-11,Winter,2011,Nov,Friday,Clear,13.290847,0.306817,44.625,0.314675,440,2928,3368,Panas
316,2011-11-12,Winter,2011,Nov,Saturday,Clear,14.623347,0.357942,55.2917,0.212062,1275,2792,4067,Sedang
317,2011-11-13,Winter,2011,Nov,Sunday,Clear,18.074153,0.43055,45.8333,0.281721,1004,2713,3717,Sedang
318,2011-11-14,Winter,2011,Nov,Monday,Clear,21.73,0.524612,58.7083,0.306596,595,3891,4486,Sedang
319,2011-11-15,Winter,2011,Nov,Tuesday,Misty,21.73,0.507579,68.875,0.199633,449,3746,4195,Sedang
320,2011-11-16,Winter,2011,Nov,Wednesday,Light Rain,18.723347,0.451988,93.0,0.136829,145,1672,1817,Sedang
321,2011-11-17,Winter,2011,Nov,Thursday,Misty,14.008347,0.323221,57.5833,0.305362,139,2914,3053,Sedang
322,2011-11-18,Winter,2011,Nov,Friday,Clear,11.240847,0.272721,41.0,0.168533,245,3147,3392,Dingin
323,2011-11-19,Winter,2011,Nov,Saturday,Clear,13.495847,0.324483,50.208299999999994,0.224496,943,2720,3663,Panas
324,2011-11-20,Winter,2011,Nov,Sunday,Misty,18.996653,0.457058,68.45830000000001,0.18595,787,2733,3520,Sedang
325,2011-11-21,Winter,2011,Nov,Monday,Light Rain,18.3475,0.445062,91.0,0.138054,220,2545,2765,Sedang
326,2011-11-22,Winter,2011,Nov,Tuesday,Light Rain,17.083347,0.421696,96.25,0.118792,69,1538,1607,Sedang
327,2011-11-23,Winter,2011,Nov,Wednesday,Misty,18.074153,0.430537,75.79169999999999,0.335825,112,2454,2566,Sedang
328,2011-11-24,Winter,2011,Nov,Thursday,Clear,15.306653,0.372471,54.9167,0.167304,560,935,1495,Sedang
329,2011-11-25,Winter,2011,Nov,Friday,Clear,15.375,0.380671,64.375,0.0988958,1095,1697,2792,Sedang
330,2011-11-26,Winter,2011,Nov,Saturday,Clear,15.409152999999998,0.385087,68.1667,0.0684208,1249,1819,3068,Sedang
331,2011-11-27,Winter,2011,Nov,Sunday,Clear,18.825847,0.4558,69.8333,0.208954,810,2261,3071,Sedang
332,2011-11-28,Winter,2011,Nov,Monday,Clear,20.642598,0.490122,74.3043,0.142122,253,3614,3867,Sedang
333,2011-11-29,Winter,2011,Nov,Tuesday,Misty,18.791653,0.451375,83.08330000000001,0.258092,96,2818,2914,Sedang
334,2011-11-30,Winter,2011,Nov,Wednesday,Clear,13.325000000000001,0.311221,61.3333,0.271158,188,3425,3613,Panas
335,2011-12-01,Winter,2011,Dec,Thursday,Clear,12.8125,0.305554,52.4583,0.220158,182,3545,3727,Dingin
336,2011-12-02,Winter,2011,Dec,Friday,Clear,12.880847,0.331433,62.583299999999994,0.100754,268,3672,3940,Dingin
337,2011-12-03,Winter,2011,Dec,Saturday,Clear,12.265847,0.310604,61.291700000000006,0.0957833,706,2908,3614,Dingin
338,2011-12-04,Winter,2011,Dec,Sunday,Clear,13.564153,0.3491,77.5833,0.0839583,634,2851,3485,Panas
339,2011-12-05,Winter,2011,Dec,Monday,Misty,15.819153,0.393925,82.70830000000001,0.0622083,233,3578,3811,Sedang
340,2011-12-06,Winter,2011,Dec,Tuesday,Light Rain,18.962500000000002,0.4564,94.9583,0.232583,126,2468,2594,Sedang
341,2011-12-07,Winter,2011,Dec,Wednesday,Light Rain,16.81,0.400246,97.04169999999999,0.266175,50,655,705,Sedang
342,2011-12-08,Winter,2011,Dec,Thursday,Clear,10.899153,0.256938,57.99999999999999,0.240058,150,3172,3322,Dingin
343,2011-12-09,Winter,2011,Dec,Friday,Clear,11.924153,0.317542,69.58330000000001,0.0827167,261,3359,3620,Dingin
344,2011-12-10,Winter,2011,Dec,Saturday,Clear,11.275,0.266412,50.74999999999999,0.233221,502,2688,3190,Dingin
345,2011-12-11,Winter,2011,Dec,Sunday,Clear,9.054153,0.253154,49.0,0.0665417,377,2366,2743,Dingin
346,2011-12-12,Winter,2011,Dec,Monday,Clear,9.771652999999999,0.270196,67.08330000000001,0.06345,143,3167,3310,Dingin
347,2011-12-13,Winter,2011,Dec,Tuesday,Clear,11.5825,0.301138,59.0,0.14055,155,3368,3523,Dingin
348,2011-12-14,Winter,2011,Dec,Wednesday,Misty,13.0175,0.338362,66.375,0.0609583,178,3562,3740,Panas
349,2011-12-15,Winter,2011,Dec,Thursday,Misty,17.322499999999998,0.412237,63.416700000000006,0.268042,181,3528,3709,Sedang
350,2011-12-16,Winter,2011,Dec,Friday,Misty,15.375,0.359825,50.0417,0.260575,178,3399,3577,Sedang
351,2011-12-17,Winter,2011,Dec,Saturday,Misty,10.591652999999999,0.249371,56.0833,0.243167,275,2464,2739,Dingin
352,2011-12-18,Winter,2011,Dec,Sunday,Clear,9.771652999999999,0.245579,58.62500000000001,0.169779,220,2211,2431,Dingin
353,2011-12-19,Winter,2011,Dec,Monday,Clear,11.343347,0.280933,63.74999999999999,0.172896,260,3143,3403,Dingin
354,2011-12-20,Winter,2011,Dec,Tuesday,Misty,15.819153,0.396454,59.5417,0.0615708,216,3534,3750,Sedang
355,2011-12-21,Spring,2011,Dec,Wednesday,Misty,17.561653,0.428017,85.83330000000001,0.2214,107,2553,2660,Sedang
356,2011-12-22,Spring,2011,Dec,Thursday,Misty,17.356653,0.426121,75.75,0.047275,227,2841,3068,Sedang
357,2011-12-23,Spring,2011,Dec,Friday,Clear,15.306653,0.377513,68.625,0.274246,163,2046,2209,Sedang
358,2011-12-24,Spring,2011,Dec,Saturday,Clear,12.4025,0.299242,54.25,0.190304,155,856,1011,Dingin
359,2011-12-25,Spring,2011,Dec,Sunday,Clear,11.266103,0.279961,68.13040000000001,0.155091,303,451,754,Dingin
360,2011-12-26,Spring,2011,Dec,Monday,Clear,13.191299,0.315535,50.6957,0.239465,430,887,1317,Panas
361,2011-12-27,Spring,2011,Dec,Tuesday,Misty,13.325000000000001,0.327633,76.25,0.18845,103,1059,1162,Panas
362,2011-12-28,Spring,2011,Dec,Wednesday,Clear,12.264330000000001,0.279974,50.39130000000001,0.293961,255,2047,2302,Dingin
363,2011-12-29,Spring,2011,Dec,Thursday,Clear,10.181653,0.263892,57.4167,0.119412,254,2169,2423,Dingin
364,2011-12-30,Spring,2011,Dec,Friday,Clear,12.778347000000002,0.318812,63.6667,0.134337,491,2508,2999,Dingin
365,2011-12-31,Spring,2011,Dec,Saturday,Clear,16.81,0.414121,61.583299999999994,0.220154,665,1820,2485,Sedang
366,2012-01-01,Spring,2012,Jan,Sunday,Clear,15.17,0.375621,69.25,0.192167,686,1608,2294,Sedang
367,2012-01-02,Spring,2012,Jan,Monday,Clear,11.194763,0.252304,38.130399999999995,0.329665,244,1707,1951,Dingin
368,2012-01-03,Spring,2012,Jan,Tuesday,Clear,6.1499999999999995,0.126275,44.125,0.365671,89,2147,2236,Dingin
369,2012-01-04,Spring,2012,Jan,Wednesday,Misty,4.4075,0.119337,41.4583,0.1847,95,2273,2368,Dingin
370,2012-01-05,Spring,2012,Jan,Thursday,Clear,10.899153,0.278412,52.416700000000006,0.129987,140,3132,3272,Dingin
371,2012-01-06,Spring,2012,Jan,Friday,Clear,13.700847,0.340267,54.2083,0.167908,307,3791,4098,Panas
372,2012-01-07,Spring,2012,Jan,Saturday,Clear,16.126653,0.390779,53.1667,0.174758,1070,3451,4521,Sedang
373,2012-01-08,Spring,2012,Jan,Sunday,Clear,13.8375,0.340258,46.5,0.191542,599,2826,3425,Panas
374,2012-01-09,Spring,2012,Jan,Monday,Misty,9.190847,0.247479,70.1667,0.0989,106,2270,2376,Dingin
375,2012-01-10,Spring,2012,Jan,Tuesday,Clear,12.656536000000001,0.318826,64.65220000000001,0.187552,173,3425,3598,Dingin
376,2012-01-11,Spring,2012,Jan,Wednesday,Misty,11.240847,0.282821,84.75,0.131221,92,2085,2177,Dingin
377,2012-01-12,Spring,2012,Jan,Thursday,Misty,15.682500000000001,0.381938,80.2917,0.180967,269,3828,4097,Sedang
378,2012-01-13,Spring,2012,Jan,Friday,Clear,11.240847,0.249362,50.74999999999999,0.378108,174,3040,3214,Dingin
379,2012-01-14,Spring,2012,Jan,Saturday,Clear,7.38,0.183087,45.75,0.187183,333,2160,2493,Dingin
380,2012-01-15,Spring,2012,Jan,Sunday,Clear,6.833347000000001,0.161625,41.9167,0.251258,284,2027,2311,Dingin
381,2012-01-16,Spring,2012,Jan,Monday,Clear,7.79,0.190663,52.25,0.231358,217,2081,2298,Dingin
382,2012-01-17,Spring,2012,Jan,Tuesday,Misty,15.294763,0.364278,71.6087,0.34913,127,2808,2935,Sedang
383,2012-01-18,Spring,2012,Jan,Wednesday,Clear,12.436653000000002,0.275254,44.333299999999994,0.415429,109,3267,3376,Dingin
384,2012-01-19,Spring,2012,Jan,Thursday,Clear,7.79,0.190038,49.75,0.220158,130,3162,3292,Dingin
385,2012-01-20,Spring,2012,Jan,Friday,Misty,8.9175,0.220958,45.0,0.20275,115,3048,3163,Dingin
386,2012-01-21,Spring,2012,Jan,Saturday,Misty,7.106653,0.174875,83.125,0.222642,67,1234,1301,Dingin
387,2012-01-22,Spring,2012,Jan,Sunday,Misty,6.6625000000000005,0.16225,79.625,0.199638,196,1781,1977,Dingin
388,2012-01-23,Spring,2012,Jan,Monday,Misty,8.951653,0.243058,91.125,0.110708,145,2287,2432,Dingin
389,2012-01-24,Spring,2012,Jan,Tuesday,Clear,14.0425,0.349108,83.58330000000001,0.123767,439,3900,4339,Sedang
390,2012-01-25,Spring,2012,Jan,Wednesday,Clear,12.060847,0.294821,64.375,0.161071,467,3803,4270,Dingin
391,2012-01-26,Spring,2012,Jan,Thursday,Misty,14.008347,0.35605,76.95830000000001,0.0733958,244,3831,4075,Sedang
392,2012-01-27,Spring,2012,Jan,Friday,Misty,17.425,0.415383,74.125,0.342667,269,3187,3456,Sedang
393,2012-01-28,Spring,2012,Jan,Saturday,Clear,12.949152999999999,0.326379,54.333299999999994,0.210829,775,3248,4023,Dingin
394,2012-01-29,Spring,2012,Jan,Sunday,Clear,11.5825,0.272721,31.125000000000004,0.24005,558,2685,3243,Dingin
395,2012-01-30,Spring,2012,Jan,Monday,Clear,11.035847,0.262625,40.0833,0.215792,126,3498,3624,Dingin
396,2012-01-31,Spring,2012,Jan,Tuesday,Clear,15.99,0.381317,41.6667,0.261817,324,4185,4509,Sedang
397,2012-02-01,Spring,2012,Feb,Wednesday,Clear,19.235847,0.466538,50.79169999999999,0.189067,304,4275,4579,Sedang
398,2012-02-02,Spring,2012,Feb,Thursday,Misty,16.365847,0.398971,67.29169999999999,0.187187,190,3571,3761,Sedang
399,2012-02-03,Spring,2012,Feb,Friday,Clear,12.846652999999998,0.309346,52.6667,0.178496,310,3841,4151,Dingin
400,2012-02-04,Spring,2012,Feb,Saturday,Misty,10.830846999999999,0.272725,77.95830000000001,0.121896,384,2448,2832,Dingin
401,2012-02-05,Spring,2012,Feb,Sunday,Misty,10.899153,0.264521,68.7917,0.175996,318,2629,2947,Dingin
402,2012-02-06,Spring,2012,Feb,Monday,Clear,11.586969,0.296426,62.2174,0.1538,206,3578,3784,Dingin
403,2012-02-07,Spring,2012,Feb,Tuesday,Clear,14.520847,0.361104,49.625,0.147379,199,4176,4375,Sedang
404,2012-02-08,Spring,2012,Feb,Wednesday,Misty,10.523347,0.266421,72.2917,0.133721,109,2693,2802,Dingin
405,2012-02-09,Spring,2012,Feb,Thursday,Clear,10.865,0.261988,56.2083,0.194037,163,3667,3830,Dingin
406,2012-02-10,Spring,2012,Feb,Friday,Misty,11.514153,0.293558,54.0,0.116929,227,3604,3831,Dingin
407,2012-02-11,Spring,2012,Feb,Saturday,Light Rain,9.190847,0.210867,73.125,0.289796,192,1977,2169,Dingin
408,2012-02-12,Spring,2012,Feb,Sunday,Clear,5.2275,0.101658,46.4583,0.409212,73,1456,1529,Dingin
409,2012-02-13,Spring,2012,Feb,Monday,Clear,9.1225,0.227913,41.125,0.167283,94,3328,3422,Dingin
410,2012-02-14,Spring,2012,Feb,Tuesday,Misty,13.085847,0.333946,50.875,0.141179,135,3787,3922,Panas
411,2012-02-15,Spring,2012,Feb,Wednesday,Clear,14.281653,0.351629,53.125,0.1816,141,4028,4169,Sedang
412,2012-02-16,Spring,2012,Feb,Thursday,Misty,12.983346999999998,0.330162,75.29169999999999,0.091425,74,2931,3005,Dingin
413,2012-02-17,Spring,2012,Feb,Friday,Clear,14.076653,0.351629,63.4583,0.205846,349,3805,4154,Sedang
414,2012-02-18,Spring,2012,Feb,Saturday,Clear,14.213347,0.355425,53.4583,0.190929,1435,2883,4318,Sedang
415,2012-02-19,Spring,2012,Feb,Sunday,Misty,11.48,0.265788,51.5833,0.253112,618,2071,2689,Dingin
416,2012-02-20,Spring,2012,Feb,Monday,Clear,11.48,0.273391,50.7826,0.229083,502,2627,3129,Dingin
417,2012-02-21,Spring,2012,Feb,Tuesday,Clear,11.800866000000001,0.295113,59.434799999999996,0.205717,163,3614,3777,Dingin
418,2012-02-22,Spring,2012,Feb,Wednesday,Clear,16.229153,0.392667,56.7917,0.234471,394,4379,4773,Sedang
419,2012-02-23,Spring,2012,Feb,Thursday,Clear,18.620846999999998,0.444446,55.45830000000001,0.190913,516,4546,5062,Sedang
420,2012-02-24,Spring,2012,Feb,Friday,Misty,16.7075,0.410971,73.75,0.237567,246,3241,3487,Sedang
421,2012-02-25,Spring,2012,Feb,Saturday,Clear,11.924153,0.255675,39.5833,0.421642,317,2415,2732,Dingin
422,2012-02-26,Spring,2012,Feb,Sunday,Clear,11.445847,0.268308,41.0,0.205229,515,2874,3389,Dingin
423,2012-02-27,Spring,2012,Feb,Monday,Clear,15.033347000000001,0.357954,49.0833,0.268033,253,4069,4322,Sedang
424,2012-02-28,Spring,2012,Feb,Tuesday,Clear,14.725847,0.353525,39.5833,0.193417,229,4134,4363,Sedang
425,2012-02-29,Spring,2012,Feb,Wednesday,Misty,14.118267999999999,0.34847,80.4783,0.179117,65,1769,1834,Sedang
426,2012-03-01,Spring,2012,Mar,Thursday,Clear,19.919153,0.475371,61.5417,0.226987,325,4665,4990,Sedang
427,2012-03-02,Spring,2012,Mar,Friday,Misty,14.486653,0.359842,65.7083,0.144904,246,2948,3194,Sedang
428,2012-03-03,Spring,2012,Mar,Saturday,Misty,16.980847,0.413492,62.125,0.161079,956,3110,4066,Sedang
429,2012-03-04,Spring,2012,Mar,Sunday,Clear,13.359153,0.303021,40.3333,0.334571,710,2713,3423,Panas
430,2012-03-05,Spring,2012,Mar,Monday,Clear,9.976652999999999,0.241171,50.625,0.228858,203,3130,3333,Dingin
431,2012-03-06,Spring,2012,Mar,Tuesday,Clear,10.591652999999999,0.255042,45.6667,0.200875,221,3735,3956,Dingin
432,2012-03-07,Spring,2012,Mar,Wednesday,Clear,16.570847,0.3851,51.3333,0.345779,432,4484,4916,Sedang
433,2012-03-08,Spring,2012,Mar,Thursday,Clear,21.627499999999998,0.524604,56.75,0.441563,486,4896,5382,Sedang
434,2012-03-09,Spring,2012,Mar,Friday,Misty,16.844153,0.397083,40.708299999999994,0.4148,447,4122,4569,Sedang
435,2012-03-10,Spring,2012,Mar,Saturday,Clear,11.7875,0.277767,35.0417,0.22575,968,3150,4118,Dingin
436,2012-03-11,Spring,2012,Mar,Sunday,Clear,14.831299,0.35967,47.6957,0.222587,1658,3253,4911,Sedang
437,2012-03-12,Spring,2012,Mar,Monday,Clear,19.133347,0.459592,48.9167,0.207713,838,4460,5298,Sedang
438,2012-03-13,Spring,2012,Mar,Tuesday,Clear,23.165,0.542929,61.75000000000001,0.23695,762,5085,5847,Sedang
439,2012-03-14,Spring,2012,Mar,Wednesday,Clear,23.4725,0.548617,50.708299999999994,0.115062,997,5315,6312,Sedang
440,2012-03-15,Spring,2012,Mar,Thursday,Clear,22.857499999999998,0.532825,57.958299999999994,0.149883,1005,5187,6192,Sedang
441,2012-03-16,Spring,2012,Mar,Friday,Misty,17.869153,0.436229,84.20830000000001,0.113192,548,3830,4378,Sedang
442,2012-03-17,Spring,2012,Mar,Saturday,Misty,21.080847000000002,0.505046,75.5833,0.110704,3155,4681,7836,Sedang
443,2012-03-18,Spring,2012,Mar,Sunday,Misty,19.3725,0.464,81.0,0.126883,2207,3685,5892,Sedang
444,2012-03-19,Spring,2012,Mar,Monday,Clear,22.345000000000002,0.532821,72.875,0.162317,982,5171,6153,Sedang
445,2012-03-20,Spring,2012,Mar,Tuesday,Clear,22.994153,0.538533,80.7917,0.121271,1051,5042,6093,Sedang
446,2012-03-21,Summer,2012,Mar,Wednesday,Misty,21.798347,0.513258,82.125,0.0895583,1122,5108,6230,Sedang
447,2012-03-22,Summer,2012,Mar,Thursday,Clear,22.720847,0.531567,83.125,0.117562,1334,5537,6871,Sedang
448,2012-03-23,Summer,2012,Mar,Friday,Misty,24.668346999999997,0.570067,69.41669999999999,0.1163,2469,5893,8362,Sedang
449,2012-03-24,Summer,2012,Mar,Saturday,Misty,20.6025,0.486733,88.5417,0.192783,1033,2339,3372,Sedang
450,2012-03-25,Summer,2012,Mar,Sunday,Misty,17.9375,0.437488,88.0833,0.220775,1532,3464,4996,Sedang
451,2012-03-26,Summer,2012,Mar,Monday,Clear,18.279153,0.43875,47.7917,0.386821,795,4763,5558,Sedang
452,2012-03-27,Summer,2012,Mar,Tuesday,Clear,13.256653,0.315654,28.999999999999996,0.187192,531,4571,5102,Panas
453,2012-03-28,Summer,2012,Mar,Wednesday,Clear,19.850847,0.47095,48.125,0.291671,674,5024,5698,Sedang
454,2012-03-29,Summer,2012,Mar,Thursday,Clear,20.260847000000002,0.482304,43.9167,0.31965,834,5299,6133,Sedang
455,2012-03-30,Summer,2012,Mar,Friday,Misty,15.17,0.375621,58.0833,0.138067,796,4663,5459,Sedang
456,2012-03-31,Summer,2012,Mar,Saturday,Misty,17.390847,0.421708,73.83330000000001,0.250617,2301,3934,6235,Sedang
457,2012-04-01,Summer,2012,Apr,Sunday,Misty,17.459153,0.417287,67.625,0.172267,2347,3694,6041,Sedang
458,2012-04-02,Summer,2012,Apr,Monday,Clear,17.790433,0.427513,50.4348,0.312139,1208,4728,5936,Sedang
459,2012-04-03,Summer,2012,Apr,Tuesday,Clear,19.133347,0.461483,39.6667,0.100133,1348,5424,6772,Sedang
460,2012-04-04,Summer,2012,Apr,Wednesday,Clear,22.208347,0.53345,46.958299999999994,0.180975,1058,5378,6436,Sedang
461,2012-04-05,Summer,2012,Apr,Thursday,Clear,17.835,0.431163,37.416700000000006,0.219529,1192,5265,6457,Sedang
462,2012-04-06,Summer,2012,Apr,Friday,Clear,16.536653,0.390767,37.7083,0.300388,1807,4653,6460,Sedang
463,2012-04-07,Summer,2012,Apr,Saturday,Clear,17.9375,0.426129,25.4167,0.274871,3252,3605,6857,Sedang
464,2012-04-08,Summer,2012,Apr,Sunday,Clear,20.5,0.492425,27.5833,0.232596,2230,2939,5169,Sedang
465,2012-04-09,Summer,2012,Apr,Monday,Clear,20.055847,0.476638,31.75,0.358196,905,4680,5585,Sedang
466,2012-04-10,Summer,2012,Apr,Tuesday,Clear,18.313347,0.436233,43.5,0.249375,819,5099,5918,Sedang
467,2012-04-11,Summer,2012,Apr,Wednesday,Clear,14.296536,0.337274,46.9565,0.295274,482,4380,4862,Sedang
468,2012-04-12,Summer,2012,Apr,Thursday,Clear,16.2975,0.387604,46.625,0.290429,663,4746,5409,Sedang
469,2012-04-13,Summer,2012,Apr,Friday,Clear,18.142500000000002,0.431808,40.8333,0.155471,1252,5146,6398,Sedang
470,2012-04-14,Summer,2012,Apr,Saturday,Clear,20.294999999999998,0.487996,50.29169999999999,0.190917,2795,4665,7460,Sedang
471,2012-04-15,Summer,2012,Apr,Sunday,Clear,24.873347,0.573875,50.79169999999999,0.225129,2846,4286,7132,Sedang
472,2012-04-16,Summer,2012,Apr,Monday,Clear,27.230846999999997,0.614925,56.166700000000006,0.284829,1198,5172,6370,Panas
473,2012-04-17,Summer,2012,Apr,Tuesday,Clear,24.941653000000002,0.598487,39.0417,0.273629,989,5702,6691,Sedang
474,2012-04-18,Summer,2012,Apr,Wednesday,Misty,18.996653,0.457038,56.9167,0.167912,347,4020,4367,Sedang
475,2012-04-19,Summer,2012,Apr,Thursday,Clear,20.431653,0.493046,61.25000000000001,0.0659292,846,5719,6565,Sedang
476,2012-04-20,Summer,2012,Apr,Friday,Clear,21.593347,0.515775,69.4583,0.149871,1340,5950,7290,Sedang
477,2012-04-21,Summer,2012,Apr,Saturday,Clear,23.369999999999997,0.542921,68.2917,0.283587,2541,4083,6624,Sedang
478,2012-04-22,Summer,2012,Apr,Sunday,Light Rain,16.263347,0.389504,83.54169999999999,0.344546,120,907,1027,Sedang
479,2012-04-23,Summer,2012,Apr,Monday,Misty,13.188346999999998,0.301125,76.66669999999999,0.303496,195,3019,3214,Panas
480,2012-04-24,Summer,2012,Apr,Tuesday,Clear,16.946653,0.405283,45.4167,0.249383,518,5115,5633,Sedang
481,2012-04-25,Summer,2012,Apr,Wednesday,Clear,19.543347,0.470317,42.7917,0.118792,655,5541,6196,Sedang
482,2012-04-26,Summer,2012,Apr,Thursday,Misty,20.431653,0.483583,75.66669999999999,0.176625,475,4551,5026,Sedang
483,2012-04-27,Summer,2012,Apr,Friday,Clear,18.7575,0.452637,40.0833,0.347633,1014,5219,6233,Sedang
484,2012-04-28,Summer,2012,Apr,Saturday,Misty,15.443347,0.377504,48.9583,0.129975,1120,3100,4220,Sedang
485,2012-04-29,Summer,2012,Apr,Sunday,Clear,18.791653,0.450121,58.7083,0.116908,2229,4075,6304,Sedang
486,2012-04-30,Summer,2012,Apr,Monday,Misty,19.030847,0.457696,56.99999999999999,0.171638,665,4907,5572,Sedang
487,2012-05-01,Summer,2012,May,Tuesday,Misty,25.146653,0.577021,65.95830000000001,0.156096,653,5087,5740,Sedang
488,2012-05-02,Summer,2012,May,Wednesday,Clear,23.130847,0.537896,79.7083,0.138058,667,5502,6169,Sedang
489,2012-05-03,Summer,2012,May,Thursday,Misty,22.96,0.537242,76.83330000000001,0.133696,764,5657,6421,Sedang
490,2012-05-04,Summer,2012,May,Friday,Clear,25.7275,0.590917,73.54169999999999,0.162938,1069,5227,6296,Sedang
491,2012-05-05,Summer,2012,May,Saturday,Misty,25.488346999999997,0.584608,75.66669999999999,0.152992,2496,4387,6883,Sedang
492,2012-05-06,Summer,2012,May,Sunday,Misty,23.0625,0.546737,74.0,0.149879,2135,4224,6359,Sedang
493,2012-05-07,Summer,2012,May,Monday,Misty,22.037499999999998,0.527142,66.41669999999999,0.230721,1008,5265,6273,Sedang
494,2012-05-08,Summer,2012,May,Tuesday,Misty,23.848347,0.557471,68.58330000000001,0.296029,738,4990,5728,Sedang
495,2012-05-09,Summer,2012,May,Wednesday,Misty,23.575,0.553025,74.4167,0.216412,620,4097,4717,Sedang
496,2012-05-10,Summer,2012,May,Thursday,Clear,20.739152999999998,0.491783,55.2083,0.314063,1026,5546,6572,Sedang
497,2012-05-11,Summer,2012,May,Friday,Clear,21.866653,0.520833,36.0417,0.236937,1319,5711,7030,Sedang
498,2012-05-12,Summer,2012,May,Saturday,Clear,23.130847,0.544817,48.0417,0.123133,2622,4807,7429,Sedang
499,2012-05-13,Summer,2012,May,Sunday,Clear,25.1125,0.585238,57.62500000000001,0.225117,2172,3946,6118,Sedang
500,2012-05-14,Summer,2012,May,Monday,Misty,23.506653,0.5499,78.95830000000001,0.212692,342,2501,2843,Sedang
501,2012-05-15,Summer,2012,May,Tuesday,Misty,25.078346999999997,0.576404,79.45830000000001,0.147392,625,4490,5115,Sedang
502,2012-05-16,Summer,2012,May,Wednesday,Clear,26.103347,0.595975,69.7917,0.122512,991,6433,7424,Sedang
503,2012-05-17,Summer,2012,May,Thursday,Clear,24.326653,0.572613,52.0,0.229475,1242,6142,7384,Sedang
504,2012-05-18,Summer,2012,May,Friday,Clear,23.130847,0.551121,52.33330000000001,0.136817,1521,6118,7639,Sedang
505,2012-05-19,Summer,2012,May,Saturday,Clear,24.599999999999998,0.566908,45.625,0.083975,3410,4884,8294,Sedang
506,2012-05-20,Summer,2012,May,Sunday,Clear,25.454152999999998,0.583967,53.041700000000006,0.254367,2704,4425,7129,Sedang
507,2012-05-21,Summer,2012,May,Monday,Misty,24.531653,0.565667,81.125,0.233204,630,3729,4359,Sedang
508,2012-05-22,Summer,2012,May,Tuesday,Misty,25.215,0.580825,76.5833,0.118167,819,5254,6073,Sedang
509,2012-05-23,Summer,2012,May,Wednesday,Misty,25.488346999999997,0.584612,77.45830000000001,0.102,766,4494,5260,Sedang
510,2012-05-24,Summer,2012,May,Thursday,Clear,26.855,0.6067,71.6667,0.172896,1059,5711,6770,Sedang
511,2012-05-25,Summer,2012,May,Friday,Clear,27.880000000000003,0.627529,74.70830000000001,0.14055,1417,5317,6734,Panas
512,2012-05-26,Summer,2012,May,Saturday,Clear,28.392500000000002,0.642696,73.25,0.198992,2855,3681,6536,Panas
513,2012-05-27,Summer,2012,May,Sunday,Clear,28.29,0.641425,69.7083,0.215171,3283,3308,6591,Panas
514,2012-05-28,Summer,2012,May,Monday,Clear,29.212500000000002,0.6793,67.625,0.196521,2557,3486,6043,Panas
515,2012-05-29,Summer,2012,May,Tuesday,Clear,29.622500000000002,0.672992,68.45830000000001,0.2954,880,4863,5743,Panas
516,2012-05-30,Summer,2012,May,Wednesday,Misty,26.923347,0.611129,67.0,0.134329,745,6110,6855,Sedang
517,2012-05-31,Summer,2012,May,Thursday,Clear,27.880000000000003,0.631329,49.2917,0.195279,1100,6238,7338,Panas
518,2012-06-01,Summer,2012,Jun,Friday,Misty,26.820847,0.607962,75.5417,0.237563,533,3594,4127,Sedang
519,2012-06-02,Summer,2012,Jun,Saturday,Clear,23.916653,0.566288,54.9167,0.186562,2795,5325,8120,Sedang
520,2012-06-03,Summer,2012,Jun,Sunday,Clear,24.7025,0.575133,49.3333,0.184087,2494,5147,7641,Sedang
521,2012-06-04,Summer,2012,Jun,Monday,Clear,24.497500000000002,0.578283,48.7083,0.284833,1071,5927,6998,Sedang
522,2012-06-05,Summer,2012,Jun,Tuesday,Misty,22.174153,0.525892,61.3333,0.209575,968,6033,7001,Sedang
523,2012-06-06,Summer,2012,Jun,Wednesday,Clear,22.720847,0.542292,61.12499999999999,0.077125,1027,6028,7055,Sedang
524,2012-06-07,Summer,2012,Jun,Thursday,Clear,24.7025,0.569442,56.7083,0.15735,1038,6456,7494,Sedang
525,2012-06-08,Summer,2012,Jun,Friday,Clear,26.615847000000002,0.597862,46.791700000000006,0.175383,1488,6248,7736,Sedang
526,2012-06-09,Summer,2012,Jun,Saturday,Clear,29.144153000000003,0.648367,43.7083,0.144287,2708,4790,7498,Panas
527,2012-06-10,Summer,2012,Jun,Sunday,Clear,29.793346999999997,0.663517,53.833299999999994,0.133721,2224,4374,6598,Panas
528,2012-06-11,Summer,2012,Jun,Monday,Misty,29.554153,0.659721,58.791700000000006,0.207713,1017,5647,6664,Panas
529,2012-06-12,Summer,2012,Jun,Tuesday,Misty,26.786653,0.597875,83.3333,0.214546,477,4495,4972,Sedang
530,2012-06-13,Summer,2012,Jun,Wednesday,Clear,26.889153,0.611117,58.2083,0.343279,1173,6248,7421,Sedang
531,2012-06-14,Summer,2012,Jun,Thursday,Clear,26.581653000000003,0.624383,56.958299999999994,0.253733,1180,6183,7363,Sedang
532,2012-06-15,Summer,2012,Jun,Friday,Clear,26.205847000000002,0.599754,58.958299999999994,0.176617,1563,6102,7665,Sedang
533,2012-06-16,Summer,2012,Jun,Saturday,Clear,25.898346999999998,0.594708,50.416700000000006,0.166667,2963,4739,7702,Sedang
534,2012-06-17,Summer,2012,Jun,Sunday,Clear,24.2925,0.571975,59.875,0.144904,2634,4344,6978,Sedang
535,2012-06-18,Summer,2012,Jun,Monday,Misty,23.301652999999998,0.544842,77.79169999999999,0.174746,653,4446,5099,Sedang
536,2012-06-19,Summer,2012,Jun,Tuesday,Clear,28.221653,0.654692,69.0,0.148017,968,5857,6825,Panas
537,2012-06-20,Summer,2012,Jun,Wednesday,Clear,32.082499999999996,0.720975,59.2083,0.113812,872,5339,6211,Panas
538,2012-06-21,Fall,2012,Jun,Thursday,Clear,33.039153,0.752542,56.7917,0.118787,778,5127,5905,Panas
539,2012-06-22,Fall,2012,Jun,Friday,Clear,31.877499999999998,0.724121,57.375,0.182842,964,4859,5823,Panas
540,2012-06-23,Fall,2012,Jun,Saturday,Clear,29.998347,0.652792,53.4583,0.179721,2657,4801,7458,Panas
541,2012-06-24,Fall,2012,Jun,Sunday,Clear,30.476653000000002,0.674254,47.9167,0.145525,2551,4340,6891,Panas
542,2012-06-25,Fall,2012,Jun,Monday,Clear,29.349153,0.654042,50.416700000000006,0.300383,1139,5640,6779,Panas
543,2012-06-26,Fall,2012,Jun,Tuesday,Clear,25.864152999999998,0.594704,37.3333,0.347642,1077,6365,7442,Sedang
544,2012-06-27,Fall,2012,Jun,Wednesday,Clear,28.5975,0.640792,36.0,0.271775,1077,6258,7335,Panas
545,2012-06-28,Fall,2012,Jun,Thursday,Clear,30.715847,0.675512,42.25,0.17165,921,5958,6879,Panas
546,2012-06-29,Fall,2012,Jun,Friday,Clear,34.200847,0.786613,48.875,0.165417,829,4634,5463,Panas
547,2012-06-30,Fall,2012,Jun,Saturday,Clear,31.365000000000002,0.687508,60.12499999999999,0.161071,1455,4232,5687,Panas
548,2012-07-01,Fall,2012,Jul,Sunday,Clear,33.449153,0.750629,51.87500000000001,0.168529,1421,4110,5531,Panas
549,2012-07-02,Fall,2012,Jul,Monday,Clear,32.048347,0.702038,44.7083,0.195267,904,5323,6227,Panas
550,2012-07-03,Fall,2012,Jul,Tuesday,Clear,32.014153,0.70265,49.2083,0.126237,1052,5608,6660,Panas
551,2012-07-04,Fall,2012,Jul,Wednesday,Clear,32.355847,0.732337,53.87499999999999,0.13495,2562,4841,7403,Panas
552,2012-07-05,Fall,2012,Jul,Thursday,Clear,33.9275,0.761367,45.7917,0.194029,1405,4836,6241,Panas
553,2012-07-06,Fall,2012,Jul,Friday,Clear,33.961653,0.752533,45.0833,0.146142,1366,4841,6207,Panas
554,2012-07-07,Fall,2012,Jul,Saturday,Clear,35.328347,0.804913,49.2083,0.163554,1448,3392,4840,Panas
555,2012-07-08,Fall,2012,Jul,Sunday,Clear,33.722500000000004,0.790396,57.375,0.125629,1203,3469,4672,Panas
556,2012-07-09,Fall,2012,Jul,Monday,Misty,29.144153000000003,0.654054,68.3333,0.180975,998,5571,6569,Panas
557,2012-07-10,Fall,2012,Jul,Tuesday,Misty,29.554153,0.664796,66.75,0.151737,954,5336,6290,Panas
558,2012-07-11,Fall,2012,Jul,Wednesday,Clear,29.383347,0.650271,63.3333,0.151733,975,6289,7264,Panas
559,2012-07-12,Fall,2012,Jul,Thursday,Clear,29.349153,0.654683,52.9583,0.146775,1032,6414,7446,Panas
560,2012-07-13,Fall,2012,Jul,Friday,Misty,29.998347,0.667933,48.5833,0.08085,1511,5988,7499,Panas
561,2012-07-14,Fall,2012,Jul,Saturday,Misty,28.836653,0.666042,69.91669999999999,0.143679,2355,4614,6969,Panas
562,2012-07-15,Fall,2012,Jul,Sunday,Clear,30.579152999999998,0.705196,71.7917,0.166667,1920,4111,6031,Panas
563,2012-07-16,Fall,2012,Jul,Monday,Clear,31.296653000000003,0.724125,64.5,0.164187,1088,5742,6830,Panas
564,2012-07-17,Fall,2012,Jul,Tuesday,Clear,33.551653,0.755683,50.583299999999994,0.114429,921,5865,6786,Panas
565,2012-07-18,Fall,2012,Jul,Wednesday,Clear,32.526652999999996,0.745583,57.7083,0.137442,799,4914,5713,Panas
566,2012-07-19,Fall,2012,Jul,Thursday,Clear,31.57,0.714642,60.0417,0.165429,888,5703,6591,Panas
567,2012-07-20,Fall,2012,Jul,Friday,Misty,27.299153,0.613025,84.4167,0.208967,747,5123,5870,Panas
568,2012-07-21,Fall,2012,Jul,Saturday,Light Rain,24.429153,0.549912,86.5417,0.2133,1264,3195,4459,Sedang
569,2012-07-22,Fall,2012,Jul,Sunday,Misty,27.3675,0.623125,76.25,0.0939208,2544,4866,7410,Panas
570,2012-07-23,Fall,2012,Jul,Monday,Clear,30.408347,0.690017,69.41669999999999,0.138683,1135,5831,6966,Panas
571,2012-07-24,Fall,2012,Jul,Tuesday,Clear,30.784153,0.70645,65.5,0.211454,1140,6452,7592,Panas
572,2012-07-25,Fall,2012,Jul,Wednesday,Clear,29.690847,0.654054,45.0,0.1648,1383,6790,8173,Panas
573,2012-07-26,Fall,2012,Jul,Thursday,Clear,31.843347,0.739263,59.66669999999999,0.284813,1036,5825,6861,Panas
574,2012-07-27,Fall,2012,Jul,Friday,Clear,32.048347,0.734217,59.458299999999994,0.152992,1259,5645,6904,Panas
575,2012-07-28,Fall,2012,Jul,Saturday,Clear,30.989152999999998,0.697604,61.3333,0.15735,2234,4451,6685,Panas
576,2012-07-29,Fall,2012,Jul,Sunday,Clear,29.588347,0.667933,62.375,0.170396,2153,4444,6597,Panas
577,2012-07-30,Fall,2012,Jul,Monday,Clear,29.964153,0.684987,66.875,0.153617,1040,6065,7105,Panas
578,2012-07-31,Fall,2012,Jul,Tuesday,Clear,29.246653,0.662896,70.41669999999999,0.165425,968,6248,7216,Panas
579,2012-08-01,Fall,2012,Aug,Wednesday,Clear,29.4175,0.667308,67.75,0.141179,1074,6506,7580,Panas
580,2012-08-02,Fall,2012,Aug,Thursday,Clear,30.8525,0.707088,65.95830000000001,0.129354,983,6278,7261,Panas
581,2012-08-03,Fall,2012,Aug,Friday,Misty,31.399153,0.722867,64.25,0.215792,1328,5847,7175,Panas
582,2012-08-04,Fall,2012,Aug,Saturday,Clear,32.526652999999996,0.751267,61.3333,0.257458,2345,4479,6824,Panas
583,2012-08-05,Fall,2012,Aug,Sunday,Clear,31.535847,0.731079,65.25,0.290421,1707,3757,5464,Panas
584,2012-08-06,Fall,2012,Aug,Monday,Misty,30.8525,0.710246,65.4167,0.129354,1233,5780,7013,Panas
585,2012-08-07,Fall,2012,Aug,Tuesday,Misty,30.169152999999998,0.697621,70.375,0.116908,1278,5995,7273,Panas
586,2012-08-08,Fall,2012,Aug,Wednesday,Misty,30.75,0.707717,67.29169999999999,0.1107,1263,6271,7534,Panas
587,2012-08-09,Fall,2012,Aug,Thursday,Clear,30.989152999999998,0.699508,62.0417,0.1561,1196,6090,7286,Panas
588,2012-08-10,Fall,2012,Aug,Friday,Misty,29.349153,0.667942,71.58330000000001,0.238813,1065,4721,5786,Panas
589,2012-08-11,Fall,2012,Aug,Saturday,Misty,28.392500000000002,0.638267,73.2917,0.206479,2247,4052,6299,Panas
590,2012-08-12,Fall,2012,Aug,Sunday,Clear,28.734153000000003,0.644579,53.041700000000006,0.122512,2182,4362,6544,Panas
591,2012-08-13,Fall,2012,Aug,Monday,Clear,29.554153,0.662254,54.541700000000006,0.136212,1207,5676,6883,Panas
592,2012-08-14,Fall,2012,Aug,Tuesday,Clear,29.793346999999997,0.676779,68.6667,0.169158,1128,5656,6784,Panas
593,2012-08-15,Fall,2012,Aug,Wednesday,Clear,28.973347,0.654037,61.9583,0.169771,1198,6149,7347,Panas
594,2012-08-16,Fall,2012,Aug,Thursday,Clear,29.485847,0.654688,51.916700000000006,0.141796,1338,6267,7605,Panas
595,2012-08-17,Fall,2012,Aug,Friday,Clear,29.656653,0.2424,57.0833,0.231354,1483,5665,7148,Panas
596,2012-08-18,Fall,2012,Aug,Saturday,Clear,27.811653,0.618071,60.3333,0.177867,2827,5038,7865,Panas
597,2012-08-19,Fall,2012,Aug,Sunday,Misty,26.069153,0.603554,71.1667,0.08645,1208,3341,4549,Sedang
598,2012-08-20,Fall,2012,Aug,Monday,Misty,26.069153,0.595967,73.4167,0.129979,1026,5504,6530,Sedang
599,2012-08-21,Fall,2012,Aug,Tuesday,Clear,26.615847000000002,0.601025,67.375,0.0727708,1081,5925,7006,Sedang
600,2012-08-22,Fall,2012,Aug,Wednesday,Clear,27.3675,0.621854,67.7083,0.0702833,1094,6281,7375,Panas
601,2012-08-23,Fall,2012,Aug,Thursday,Clear,28.529153,0.637008,63.5833,0.0845958,1363,6402,7765,Panas
602,2012-08-24,Fall,2012,Aug,Friday,Misty,28.802500000000002,0.6471,61.5,0.0721458,1325,6257,7582,Panas
603,2012-08-25,Fall,2012,Aug,Saturday,Misty,27.128347,0.618696,71.2917,0.244408,1829,4224,6053,Panas
604,2012-08-26,Fall,2012,Aug,Sunday,Misty,26.786653,0.595996,84.5833,0.228858,1483,3772,5255,Sedang
605,2012-08-27,Fall,2012,Aug,Monday,Clear,28.836653,0.654688,73.04169999999999,0.128733,989,5928,6917,Panas
606,2012-08-28,Fall,2012,Aug,Tuesday,Clear,29.861653,0.66605,62.0,0.190925,935,6105,7040,Panas
607,2012-08-29,Fall,2012,Aug,Wednesday,Clear,28.085,0.635733,55.2083,0.112562,1177,6520,7697,Panas
608,2012-08-30,Fall,2012,Aug,Thursday,Clear,28.973347,0.652779,59.0417,0.0771167,1172,6541,7713,Panas
609,2012-08-31,Fall,2012,Aug,Friday,Clear,31.330847000000002,0.6894,58.75,0.168533,1433,5917,7350,Panas
610,2012-09-01,Fall,2012,Sep,Saturday,Misty,30.886653000000003,0.702654,63.8333,0.113187,2352,3788,6140,Panas
611,2012-09-02,Fall,2012,Sep,Sunday,Misty,28.563347,0.649,81.5,0.0640708,2613,3197,5810,Panas
612,2012-09-03,Fall,2012,Sep,Monday,Clear,29.0075,0.661629,79.0833,0.151121,1965,4069,6034,Panas
613,2012-09-04,Fall,2012,Sep,Tuesday,Clear,29.759152999999998,0.686888,75.5,0.236321,867,5997,6864,Panas
614,2012-09-05,Fall,2012,Sep,Wednesday,Clear,30.203346999999997,0.708983,74.125,0.187808,832,6280,7112,Panas
615,2012-09-06,Fall,2012,Sep,Thursday,Misty,28.563347,0.655329,81.0417,0.142421,611,5592,6203,Panas
616,2012-09-07,Fall,2012,Sep,Friday,Clear,28.836653,0.657204,73.625,0.171646,1045,6459,7504,Panas
617,2012-09-08,Fall,2012,Sep,Saturday,Misty,27.025847,0.611121,79.91669999999999,0.281104,1557,4419,5976,Panas
618,2012-09-09,Fall,2012,Sep,Sunday,Clear,25.009999999999998,0.578925,54.75,0.224496,2570,5657,8227,Sedang
619,2012-09-10,Fall,2012,Sep,Monday,Clear,23.916653,0.565654,50.375,0.258713,1118,6407,7525,Sedang
620,2012-09-11,Fall,2012,Sep,Tuesday,Clear,23.677500000000002,0.554292,52.0,0.0920542,1070,6697,7767,Sedang
621,2012-09-12,Fall,2012,Sep,Wednesday,Clear,24.565847,0.570075,57.7083,0.131846,1050,6820,7870,Sedang
622,2012-09-13,Fall,2012,Sep,Thursday,Clear,25.1125,0.579558,63.708299999999994,0.0827208,1054,6750,7804,Sedang
623,2012-09-14,Fall,2012,Sep,Friday,Clear,25.966653,0.594083,67.25,0.103863,1379,6630,8009,Sedang
624,2012-09-15,Fall,2012,Sep,Saturday,Clear,24.941653000000002,0.585867,50.1667,0.247521,3160,5554,8714,Sedang
625,2012-09-16,Fall,2012,Sep,Sunday,Clear,23.779999999999998,0.563125,56.99999999999999,0.0901833,2166,5167,7333,Sedang
626,2012-09-17,Fall,2012,Sep,Monday,Misty,23.814153,0.55305,73.4583,0.151742,1022,5847,6869,Sedang
627,2012-09-18,Fall,2012,Sep,Tuesday,Misty,25.556653,0.565067,87.25,0.357587,371,3702,4073,Sedang
628,2012-09-19,Fall,2012,Sep,Wednesday,Clear,22.6525,0.540404,53.6667,0.215175,788,6803,7591,Sedang
629,2012-09-20,Fall,2012,Sep,Thursday,Clear,22.413347,0.532192,61.8333,0.118167,939,6781,7720,Sedang
630,2012-09-21,Fall,2012,Sep,Friday,Clear,24.565847,0.571971,66.875,0.154229,1250,6917,8167,Sedang
631,2012-09-22,Fall,2012,Sep,Saturday,Clear,26.650000000000002,0.610488,64.6667,0.283583,2512,5883,8395,Sedang
632,2012-09-23,Winter,2012,Sep,Sunday,Clear,21.695847,0.518933,46.7083,0.223258,2454,5453,7907,Sedang
633,2012-09-24,Winter,2012,Sep,Monday,Clear,21.080847000000002,0.502513,49.2917,0.142404,1001,6435,7436,Sedang
634,2012-09-25,Winter,2012,Sep,Tuesday,Clear,22.55,0.544179,56.99999999999999,0.236321,845,6693,7538,Sedang
635,2012-09-26,Winter,2012,Sep,Wednesday,Clear,26.035,0.596613,63.083299999999994,0.2444,787,6946,7733,Sedang
636,2012-09-27,Winter,2012,Sep,Thursday,Misty,26.650000000000002,0.607975,69.08330000000001,0.134342,751,6642,7393,Sedang
637,2012-09-28,Winter,2012,Sep,Friday,Misty,25.385847000000002,0.585863,69.0,0.164179,1045,6370,7415,Sedang
638,2012-09-29,Winter,2012,Sep,Saturday,Clear,22.2425,0.530296,54.2917,0.227604,2589,5966,8555,Sedang
639,2012-09-30,Winter,2012,Sep,Sunday,Clear,21.593347,0.517663,58.3333,0.134958,2015,4874,6889,Sedang
640,2012-10-01,Winter,2012,Oct,Monday,Misty,21.354153,0.512,64.9167,0.0908042,763,6015,6778,Sedang
641,2012-10-02,Winter,2012,Oct,Tuesday,Light Rain,24.224153,0.542333,87.16669999999999,0.104475,315,4324,4639,Sedang
642,2012-10-03,Winter,2012,Oct,Wednesday,Misty,26.9575,0.599133,79.375,0.0665458,728,6844,7572,Sedang
643,2012-10-04,Winter,2012,Oct,Thursday,Misty,26.9575,0.607975,72.2917,0.117546,891,6437,7328,Sedang
644,2012-10-05,Winter,2012,Oct,Friday,Clear,25.215,0.580187,62.74999999999999,0.10635,1516,6640,8156,Sedang
645,2012-10-06,Winter,2012,Oct,Saturday,Clear,22.720847,0.538521,66.41669999999999,0.268025,3031,4934,7965,Sedang
646,2012-10-07,Winter,2012,Oct,Sunday,Misty,17.049153,0.419813,70.8333,0.141162,781,2729,3510,Sedang
647,2012-10-08,Winter,2012,Oct,Monday,Misty,15.716652999999999,0.387608,70.9583,0.189679,874,4604,5478,Sedang
648,2012-10-09,Winter,2012,Oct,Tuesday,Misty,18.313347,0.438112,76.16669999999999,0.1903,601,5791,6392,Sedang
649,2012-10-10,Winter,2012,Oct,Wednesday,Clear,21.080847000000002,0.503142,63.083299999999994,0.187821,780,6911,7691,Sedang
650,2012-10-11,Winter,2012,Oct,Thursday,Clear,17.835,0.431167,46.3333,0.181596,834,6736,7570,Sedang
651,2012-10-12,Winter,2012,Oct,Friday,Clear,17.9375,0.433071,53.91669999999999,0.235092,1060,6222,7282,Sedang
652,2012-10-13,Winter,2012,Oct,Saturday,Clear,16.126653,0.391396,49.4583,0.146142,2252,4857,7109,Sedang
653,2012-10-14,Winter,2012,Oct,Sunday,Clear,21.388347,0.508204,64.0417,0.278612,2080,4559,6639,Sedang
654,2012-10-15,Winter,2012,Oct,Monday,Misty,23.028347,0.53915,70.75,0.296037,760,5115,5875,Sedang
655,2012-10-16,Winter,2012,Oct,Tuesday,Clear,19.201653,0.460846,55.833299999999994,0.182221,922,6612,7534,Sedang
656,2012-10-17,Winter,2012,Oct,Wednesday,Clear,18.689153,0.450108,69.2917,0.101371,979,6482,7461,Sedang
657,2012-10-18,Winter,2012,Oct,Thursday,Misty,21.4225,0.512625,72.8333,0.236937,1008,6501,7509,Sedang
658,2012-10-19,Winter,2012,Oct,Friday,Misty,23.096653,0.537896,81.5,0.134954,753,4671,5424,Sedang
659,2012-10-20,Winter,2012,Oct,Saturday,Clear,19.850847,0.472842,57.2917,0.117537,2806,5284,8090,Sedang
660,2012-10-21,Winter,2012,Oct,Sunday,Clear,19.030847,0.456429,51.0,0.166054,2132,4692,6824,Sedang
661,2012-10-22,Winter,2012,Oct,Monday,Clear,19.9875,0.482942,56.833299999999994,0.0814833,830,6228,7058,Sedang
662,2012-10-23,Winter,2012,Oct,Tuesday,Clear,22.310847,0.530304,64.16669999999999,0.0945458,841,6625,7466,Sedang
663,2012-10-24,Winter,2012,Oct,Wednesday,Clear,24.087500000000002,0.558721,63.625,0.0727792,795,6898,7693,Sedang
664,2012-10-25,Winter,2012,Oct,Thursday,Misty,22.55,0.529688,80.0417,0.124375,875,6484,7359,Sedang
665,2012-10-26,Winter,2012,Oct,Friday,Misty,22.379153000000002,0.52275,80.7083,0.132467,1182,6262,7444,Sedang
666,2012-10-27,Winter,2012,Oct,Saturday,Misty,21.73,0.515133,72.0,0.235692,2643,5209,7852,Sedang
667,2012-10-28,Winter,2012,Oct,Sunday,Misty,19.5775,0.467771,69.4583,0.398008,998,3461,4459,Sedang
668,2012-10-29,Winter,2012,Oct,Monday,Light Rain,18.04,0.4394,88.0,0.3582,2,20,22,Sedang
669,2012-10-30,Winter,2012,Oct,Tuesday,Misty,13.045462,0.309909,82.5455,0.213009,87,1009,1096,Panas
670,2012-10-31,Winter,2012,Oct,Wednesday,Misty,14.657499999999999,0.3611,66.6667,0.166667,419,5147,5566,Sedang
671,2012-11-01,Winter,2012,Nov,Thursday,Misty,14.999153000000002,0.369942,58.166700000000006,0.157346,466,5520,5986,Sedang
672,2012-11-02,Winter,2012,Nov,Friday,Clear,14.555,0.356042,52.208299999999994,0.266175,618,5229,5847,Sedang
673,2012-11-03,Winter,2012,Nov,Saturday,Misty,14.076653,0.323846,49.125,0.270529,1029,4109,5138,Sedang
674,2012-11-04,Winter,2012,Nov,Sunday,Clear,13.359153,0.329538,53.2917,0.179108,1201,3906,5107,Panas
675,2012-11-05,Winter,2012,Nov,Monday,Clear,13.085847,0.308075,49.416700000000006,0.236325,378,4881,5259,Panas
676,2012-11-06,Winter,2012,Nov,Tuesday,Clear,11.514153,0.281567,56.7083,0.173513,466,5220,5686,Dingin
677,2012-11-07,Winter,2012,Nov,Wednesday,Misty,12.129153,0.274621,54.75,0.304108,326,4709,5035,Dingin
678,2012-11-08,Winter,2012,Nov,Thursday,Clear,14.439134,0.341891,33.3478,0.347835,340,4975,5315,Sedang
679,2012-11-09,Winter,2012,Nov,Friday,Clear,14.828347,0.355413,54.0833,0.214558,709,5283,5992,Sedang
680,2012-11-10,Winter,2012,Nov,Saturday,Clear,15.955846999999999,0.393937,64.5417,0.0578458,2090,4446,6536,Sedang
681,2012-11-11,Winter,2012,Nov,Sunday,Clear,17.254153000000002,0.421713,65.91669999999999,0.1275,2290,4562,6852,Sedang
682,2012-11-12,Winter,2012,Nov,Monday,Clear,19.884999999999998,0.475383,74.16669999999999,0.173517,1097,5172,6269,Sedang
683,2012-11-13,Winter,2012,Nov,Tuesday,Misty,14.076653,0.323225,66.29169999999999,0.342046,327,3767,4094,Sedang
684,2012-11-14,Winter,2012,Nov,Wednesday,Clear,11.855847,0.281563,55.2083,0.199625,373,5122,5495,Dingin
685,2012-11-15,Winter,2012,Nov,Thursday,Misty,13.188346999999998,0.324492,62.0417,0.152987,320,5125,5445,Panas
686,2012-11-16,Winter,2012,Nov,Friday,Clear,14.145,0.347204,52.4583,0.171025,484,5214,5698,Sedang
687,2012-11-17,Winter,2012,Nov,Saturday,Clear,13.325000000000001,0.326383,54.541700000000006,0.179729,1313,4316,5629,Panas
688,2012-11-18,Winter,2012,Nov,Sunday,Clear,14.0425,0.337746,69.2917,0.227612,922,3747,4669,Sedang
689,2012-11-19,Winter,2012,Nov,Monday,Misty,15.614152999999998,0.375621,62.3333,0.235067,449,5050,5499,Sedang
690,2012-11-20,Winter,2012,Nov,Tuesday,Misty,15.340847000000002,0.380667,68.5,0.082725,534,5100,5634,Sedang
691,2012-11-21,Winter,2012,Nov,Wednesday,Clear,14.486653,0.364892,61.375,0.103246,615,4531,5146,Sedang
692,2012-11-22,Winter,2012,Nov,Thursday,Clear,13.940000000000001,0.350371,58.0417,0.0528708,955,1470,2425,Panas
693,2012-11-23,Winter,2012,Nov,Friday,Clear,15.101653,0.378779,56.875,0.148021,1603,2307,3910,Sedang
694,2012-11-24,Winter,2012,Nov,Saturday,Clear,11.411653,0.248742,40.4583,0.376871,532,1745,2277,Dingin
695,2012-11-25,Winter,2012,Nov,Sunday,Clear,10.079153,0.257583,46.8333,0.1505,309,2115,2424,Dingin
696,2012-11-26,Winter,2012,Nov,Monday,Clear,12.846652999999998,0.339004,53.541700000000006,0.04665,337,4750,5087,Dingin
697,2012-11-27,Winter,2012,Nov,Tuesday,Misty,11.958347,0.281558,78.6667,0.237562,123,3836,3959,Dingin
698,2012-11-28,Winter,2012,Nov,Wednesday,Clear,12.163347,0.289762,50.625,0.210821,198,5062,5260,Dingin
699,2012-11-29,Winter,2012,Nov,Thursday,Clear,11.51567,0.298422,55.565200000000004,0.115522,243,5080,5323,Dingin
700,2012-11-30,Winter,2012,Nov,Friday,Clear,12.231653000000001,0.323867,64.95830000000001,0.0584708,362,5306,5668,Dingin
701,2012-12-01,Winter,2012,Dec,Saturday,Misty,12.231653000000001,0.316904,80.6667,0.0597042,951,4240,5191,Dingin
702,2012-12-02,Winter,2012,Dec,Sunday,Misty,14.247499999999999,0.359208,82.3333,0.124379,892,3757,4649,Sedang
703,2012-12-03,Winter,2012,Dec,Monday,Clear,18.552500000000002,0.455796,76.75,0.0827208,555,5679,6234,Sedang
704,2012-12-04,Winter,2012,Dec,Tuesday,Clear,19.509153,0.469054,73.375,0.174129,551,6055,6606,Sedang
705,2012-12-05,Winter,2012,Dec,Wednesday,Clear,17.971653,0.428012,48.5,0.324021,331,5398,5729,Sedang
706,2012-12-06,Winter,2012,Dec,Thursday,Clear,10.489152999999998,0.258204,50.875,0.174754,340,5035,5375,Dingin
707,2012-12-07,Winter,2012,Dec,Friday,Misty,13.154152999999999,0.321958,76.4167,0.1306,349,4659,5008,Panas
708,2012-12-08,Winter,2012,Dec,Saturday,Misty,15.648347,0.389508,91.125,0.101379,1153,4429,5582,Sedang
709,2012-12-09,Winter,2012,Dec,Sunday,Misty,15.750846999999998,0.390146,90.5417,0.157975,441,2787,3228,Sedang
710,2012-12-10,Winter,2012,Dec,Monday,Misty,17.869153,0.435575,92.5,0.190308,329,4841,5170,Sedang
711,2012-12-11,Winter,2012,Dec,Tuesday,Misty,14.486653,0.338363,59.66669999999999,0.296037,282,5219,5501,Sedang
712,2012-12-12,Winter,2012,Dec,Wednesday,Misty,12.1975,0.297338,53.833299999999994,0.162937,310,5009,5319,Dingin
713,2012-12-13,Winter,2012,Dec,Thursday,Clear,12.129153,0.294188,48.5833,0.174129,425,5107,5532,Dingin
714,2012-12-14,Winter,2012,Dec,Friday,Clear,11.548347,0.294192,64.29169999999999,0.131229,429,5182,5611,Dingin
715,2012-12-15,Winter,2012,Dec,Saturday,Clear,13.290847,0.338383,65.0417,0.10635,767,4280,5047,Panas
716,2012-12-16,Winter,2012,Dec,Sunday,Misty,14.862499999999999,0.369938,83.875,0.100742,538,3248,3786,Sedang
717,2012-12-17,Winter,2012,Dec,Monday,Misty,16.126653,0.4015,90.7083,0.0982583,212,4373,4585,Sedang
718,2012-12-18,Winter,2012,Dec,Tuesday,Clear,16.844153,0.409708,66.625,0.221404,433,5124,5557,Sedang
719,2012-12-19,Winter,2012,Dec,Wednesday,Clear,13.6325,0.342162,62.5417,0.184092,333,4934,5267,Panas
720,2012-12-20,Winter,2012,Dec,Thursday,Misty,13.530000000000001,0.335217,66.79169999999999,0.132463,314,3814,4128,Panas
721,2012-12-21,Spring,2012,Dec,Friday,Misty,13.393346999999999,0.301767,55.666700000000006,0.374383,221,3402,3623,Panas
722,2012-12-22,Spring,2012,Dec,Saturday,Clear,10.899153,0.236113,44.125,0.407346,205,1544,1749,Dingin
723,2012-12-23,Spring,2012,Dec,Sunday,Clear,10.079153,0.259471,51.5417,0.133083,408,1379,1787,Dingin
724,2012-12-24,Spring,2012,Dec,Monday,Misty,9.483464,0.2589,79.1304,0.0772304,174,746,920,Dingin
725,2012-12-25,Spring,2012,Dec,Tuesday,Misty,11.943464,0.294465,73.47829999999999,0.168726,440,573,1013,Dingin
726,2012-12-26,Spring,2012,Dec,Wednesday,Light Rain,9.976652999999999,0.220333,82.3333,0.316546,9,432,441,Dingin
727,2012-12-27,Spring,2012,Dec,Thursday,Misty,10.420846999999998,0.226642,65.29169999999999,0.350133,247,1867,2114,Dingin
728,2012-12-28,Spring,2012,Dec,Friday,Misty,10.386652999999999,0.255046,59.0,0.155471,644,2451,3095,Dingin
729,2012-12-29,Spring,2012,Dec,Saturday,Misty,10.386652999999999,0.2424,75.29169999999999,0.124383,159,1182,1341,Dingin
730,2012-12-30,Spring,2012,Dec,Sunday,Clear,10.489152999999998,0.2317,48.3333,0.350754,364,1432,1796,Dingin
731,2012-12-31,Spring,2012,Dec,Monday,Misty,8.849153,0.223487,57.75,0.154846,439,2290,2729,Dingin
